filename,width,height,class,xmin,ymin,xmax,ymax
DSCF1013.JPG,3648,2736,green,1217,1690,1706,1891
DSCF1013.JPG,3648,2736,yellow,1774,1619,2249,1843
DSCF1013.JPG,3648,2736,white,2313,1566,2773,1794
DSCF1013.JPG,3648,2736,gray,1284,1832,1781,2063
DSCF1013.JPG,3648,2736,blue,1879,1798,2365,2026
DSCF1013.JPG,3648,2736,red,2429,1742,2904,1970
DSCF1015.JPG,3648,2736,white,641,1342,1822,2234
DSCF1015.JPG,3648,2736,red,2053,1022,3175,1757
DSCF1016.JPG,3648,2736,gray,1067,1843,2181,2456
DSCF1016.JPG,3648,2736,red,1954,1278,2975,1839
DSCF1016.JPG,3648,2736,white,2392,717,3356,1352
DSCF1017.JPG,3648,2736,gray,1834,698,2623,1120
DSCF1021.JPG,3648,2736,blue,1991,755,2914,1301
DSCF1023.JPG,3648,2736,yellow,1909,1166,2694,1618
DSCF1025.JPG,3648,2736,red,985,1570,2237,2280
DSCF1029.JPG,3648,2736,red,129,1648,1400,2381
DSCF1029.JPG,3648,2736,yellow,1456,1076,2578,1910
DSCF1029.JPG,3648,2736,green,2552,826,3610,1630
DSCF1032.JPG,3648,2736,blue,144,1200,1127,1667
DSCF1032.JPG,3648,2736,red,2339,1125,3255,1581
DSCF1037.JPG,3648,2736,green,1210,1712,2679,2355
DSCF1038.JPG,3648,2736,yellow,1210,1764,2964,2560
DSCF1040.JPG,3648,2736,yellow,462,1813,1438,2359
DSCF1040.JPG,3648,2736,green,1445,1791,2316,2273
DSCF1040.JPG,3648,2736,gray,2305,1779,3090,2242
DSCF1042.JPG,3648,2736,blue,2021,1682,3034,2186
DSCF1044.JPG,3648,2736,red,1460,1200,2406,1723
DSCF1048.JPG,3648,2736,gray,443,1230,1108,1544
DSCF1048.JPG,3648,2736,blue,1498,1181,2163,1476
DSCF1048.JPG,3648,2736,white,2511,1099,3214,1409
DSCF1049.JPG,3648,2736,gray,480,998,1269,1386
DSCF1049.JPG,3648,2736,blue,1718,1192,2458,1588
DSCF1049.JPG,3648,2736,white,2758,1364,3464,1711
DSCF1050.JPG,3648,2736,blue,454,766,1258,1132
DSCF1050.JPG,3648,2736,white,1767,807,2559,1173
DSCF1053.JPG,3648,2736,green,925,1536,1931,2052
DSCF1053.JPG,3648,2736,red,2010,1510,3023,2033
DSCF1056.JPG,3648,2736,yellow,469,957,1703,1589
DSCF1056.JPG,3648,2736,red,1700,953,2919,1615
DSCF1059.JPG,3648,2736,yellow,1221,994,2324,1700
DSCF1061.JPG,3648,2736,red,488,1648,1849,2440
DSCF1061.JPG,3648,2736,yellow,1191,1203,2335,1835
DSCF1064.JPG,3648,2736,white,2399,358,3210,877
DSCF1064.JPG,3648,2736,yellow,585,740,1512,1319
DSCF1065.JPG,3648,2736,blue,705,1031,1516,1337
DSCF1065.JPG,3648,2736,green,2193,908,2959,1214
DSCF1066.JPG,3648,2736,green,1019,1121,1737,1453
DSCF1066.JPG,3648,2736,blue,2025,1121,2720,1442
DSCF1068.JPG,3648,2736,blue,750,343,2066,844
DSCF1068.JPG,3648,2736,green,2459,1533,3416,2060
DSCF1070.JPG,3648,2736,yellow,1617,1413,2645,1996
DSCF1070.JPG,3648,2736,red,1528,990,2406,1513
DSCF1072.JPG,3648,2736,white,746,1211,1662,1760
DSCF1072.JPG,3648,2736,yellow,1905,1465,2873,1999
DSCF1074.JPG,3648,2736,yellow,1127,1319,2869,2283
DSCF1077.JPG,3648,2736,red,308,1282,1418,1902
DSCF1077.JPG,3648,2736,green,1700,1342,2833,1966
DSCF1081.JPG,3648,2736,gray,1475,1282,2189,1678
DSCF1082.JPG,3648,2736,blue,996,579,1953,1113
DSCF1082.JPG,3648,2736,gray,2118,601,3064,1143
DSCF1086.JPG,3648,2736,gray,716,975,1325,1307
DSCF1086.JPG,3648,2736,yellow,1471,971,2073,1307
DSCF1086.JPG,3648,2736,green,2175,1005,2769,1349
DSCF1086.JPG,3648,2736,white,2878,990,3480,1349
DSCF1088.JPG,3648,2736,blue,1232,440,2021,862
DSCF1088.JPG,3648,2736,yellow,1326,1525,1980,1895
DSCF1090.JPG,3648,2736,green,1920,784,2593,1154
DSCF1092.JPG,3648,2736,gray,424,1293,1291,1831
DSCF1092.JPG,3648,2736,blue,1636,1521,2526,2037
DSCF1092.JPG,3648,2736,white,2481,1028,3232,1532
DSCF1094.JPG,3648,2736,gray,1378,1035,2369,1618
DSCF1097.JPG,3648,2736,blue,1326,642,2481,1277
DSCF1099.JPG,3648,2736,red,1112,556,2226,1120
DSCF1101.JPG,3648,2736,yellow,1015,1072,1931,1576
DSCF1103.JPG,3648,2736,red,1475,541,2166,900
DSCF1103.JPG,3648,2736,blue,1168,1880,2017,2396
DSCF1104.JPG,3648,2736,blue,1715,493,2399,822
DSCF1104.JPG,3648,2736,green,1632,1783,2406,2209
DSCF1105.JPG,3648,2736,yellow,1090,1016,2402,1771
DSCF1106.JPG,3648,2736,yellow,1202,1076,2357,1700
DSCF1109.JPG,3648,2736,white,1053,878,2231,1528
DSCF1110.JPG,3648,2736,white,686,743,1845,1397
DSCF1110.JPG,3648,2736,green,1920,792,3094,1435
DSCF1111.JPG,3648,2736,red,1890,867,2914,1443
DSCF1111.JPG,3648,2736,yellow,671,874,1714,1457
DSCF1114.JPG,3648,2736,red,1535,1177,2529,1685
DSCF1116.JPG,3648,2736,blue,1539,1458,2537,1981
DSCF1120.JPG,3648,2736,white,1236,1274,2560,1980
DSCF1122.JPG,3648,2736,blue,1479,949,2488,1491
DSCF1125.JPG,3648,2736,green,978,930,1632,1345
DSCF1125.JPG,3648,2736,red,1198,1394,2013,1876
DSCF1125.JPG,3648,2736,yellow,2406,1252,3198,1712
DSCF1129.JPG,3648,2736,red,1408,1772,2200,2273
DSCF1130.JPG,3648,2736,green,1516,1708,2271,2179
DSCF1132.JPG,3648,2736,green,2751,1005,3240,1255
DSCF1132.JPG,3648,2736,gray,2283,1278,3176,1801
DSCF1132.JPG,3648,2736,blue,174,1663,1580,2403
DSCF1133.JPG,3648,2736,green,1352,1192,2492,2033
DSCF1135.JPG,3648,2736,red,1801,1233,2406,1592
DSCF1137.JPG,3648,2736,yellow,1879,1136,2728,1614
DSCF1140.JPG,3648,2736,red,1722,594,2511,878
DSCF1141.JPG,3648,2736,yellow,1793,665,2574,941
DSCF1142.JPG,3648,2736,yellow,914,1200,1800,1588
DSCF1142.JPG,3648,2736,green,2010,1211,2888,1599
0_DSCF1013.JPG,3648,2736,green,1942,1690,2431,1891
0_DSCF1013.JPG,3648,2736,yellow,1399,1619,1874,1843
0_DSCF1013.JPG,3648,2736,white,875,1566,1335,1794
0_DSCF1013.JPG,3648,2736,gray,1867,1832,2364,2063
0_DSCF1013.JPG,3648,2736,blue,1283,1798,1769,2026
0_DSCF1013.JPG,3648,2736,red,744,1742,1219,1970
0_DSCF1015.JPG,3648,2736,white,1826,1342,3007,2234
0_DSCF1015.JPG,3648,2736,red,473,1022,1595,1757
0_DSCF1016.JPG,3648,2736,gray,1467,1843,2581,2456
0_DSCF1016.JPG,3648,2736,red,673,1278,1694,1839
0_DSCF1016.JPG,3648,2736,white,292,717,1256,1352
0_DSCF1017.JPG,3648,2736,gray,1025,698,1814,1120
0_DSCF1021.JPG,3648,2736,blue,734,755,1657,1301
0_DSCF1023.JPG,3648,2736,yellow,954,1166,1739,1618
0_DSCF1025.JPG,3648,2736,red,1411,1570,2663,2280
0_DSCF1029.JPG,3648,2736,red,2248,1648,3519,2381
0_DSCF1029.JPG,3648,2736,yellow,1070,1076,2192,1910
0_DSCF1029.JPG,3648,2736,green,38,826,1096,1630
0_DSCF1032.JPG,3648,2736,blue,2521,1200,3504,1667
0_DSCF1032.JPG,3648,2736,red,393,1125,1309,1581
0_DSCF1037.JPG,3648,2736,green,969,1712,2438,2355
0_DSCF1038.JPG,3648,2736,yellow,684,1764,2438,2560
0_DSCF1040.JPG,3648,2736,yellow,2210,1813,3186,2359
0_DSCF1040.JPG,3648,2736,green,1332,1791,2203,2273
0_DSCF1040.JPG,3648,2736,gray,558,1779,1343,2242
0_DSCF1042.JPG,3648,2736,blue,614,1682,1627,2186
0_DSCF1044.JPG,3648,2736,red,1242,1200,2188,1723
0_DSCF1048.JPG,3648,2736,gray,2540,1230,3205,1544
0_DSCF1048.JPG,3648,2736,blue,1485,1181,2150,1476
0_DSCF1048.JPG,3648,2736,white,434,1099,1137,1409
0_DSCF1049.JPG,3648,2736,gray,2379,998,3168,1386
0_DSCF1049.JPG,3648,2736,blue,1190,1192,1930,1588
0_DSCF1049.JPG,3648,2736,white,184,1364,890,1711
0_DSCF1050.JPG,3648,2736,blue,2390,766,3194,1132
0_DSCF1050.JPG,3648,2736,white,1089,807,1881,1173
0_DSCF1053.JPG,3648,2736,green,1717,1536,2723,2052
0_DSCF1053.JPG,3648,2736,red,625,1510,1638,2033
0_DSCF1056.JPG,3648,2736,yellow,1945,957,3179,1589
0_DSCF1056.JPG,3648,2736,red,729,953,1948,1615
0_DSCF1059.JPG,3648,2736,yellow,1324,994,2427,1700
0_DSCF1061.JPG,3648,2736,red,1799,1648,3160,2440
0_DSCF1061.JPG,3648,2736,yellow,1313,1203,2457,1835
0_DSCF1064.JPG,3648,2736,white,438,358,1249,877
0_DSCF1064.JPG,3648,2736,yellow,2136,740,3063,1319
0_DSCF1065.JPG,3648,2736,blue,2132,1031,2943,1337
0_DSCF1065.JPG,3648,2736,green,689,908,1455,1214
0_DSCF1066.JPG,3648,2736,green,1911,1121,2629,1453
0_DSCF1066.JPG,3648,2736,blue,928,1121,1623,1442
0_DSCF1068.JPG,3648,2736,blue,1582,343,2898,844
0_DSCF1068.JPG,3648,2736,green,232,1533,1189,2060
0_DSCF1070.JPG,3648,2736,yellow,1003,1413,2031,1996
0_DSCF1070.JPG,3648,2736,red,1242,990,2120,1513
0_DSCF1072.JPG,3648,2736,white,1986,1211,2902,1760
0_DSCF1072.JPG,3648,2736,yellow,775,1465,1743,1999
0_DSCF1074.JPG,3648,2736,yellow,779,1319,2521,2283
0_DSCF1077.JPG,3648,2736,red,2230,1282,3340,1902
0_DSCF1077.JPG,3648,2736,green,815,1342,1948,1966
0_DSCF1081.JPG,3648,2736,gray,1459,1282,2173,1678
0_DSCF1082.JPG,3648,2736,blue,1695,579,2652,1113
0_DSCF1082.JPG,3648,2736,gray,584,601,1530,1143
0_DSCF1086.JPG,3648,2736,gray,2323,975,2932,1307
0_DSCF1086.JPG,3648,2736,yellow,1575,971,2177,1307
0_DSCF1086.JPG,3648,2736,green,879,1005,1473,1349
0_DSCF1086.JPG,3648,2736,white,168,990,770,1349
0_DSCF1088.JPG,3648,2736,blue,1627,440,2416,862
0_DSCF1088.JPG,3648,2736,yellow,1668,1525,2322,1895
0_DSCF1090.JPG,3648,2736,green,1055,784,1728,1154
0_DSCF1092.JPG,3648,2736,gray,2357,1293,3224,1831
0_DSCF1092.JPG,3648,2736,blue,1122,1521,2012,2037
0_DSCF1092.JPG,3648,2736,white,416,1028,1167,1532
0_DSCF1094.JPG,3648,2736,gray,1279,1035,2270,1618
0_DSCF1097.JPG,3648,2736,blue,1167,642,2322,1277
0_DSCF1099.JPG,3648,2736,red,1422,556,2536,1120
0_DSCF1101.JPG,3648,2736,yellow,1717,1072,2633,1576
0_DSCF1103.JPG,3648,2736,red,1482,541,2173,900
0_DSCF1103.JPG,3648,2736,blue,1631,1880,2480,2396
0_DSCF1104.JPG,3648,2736,blue,1249,493,1933,822
0_DSCF1104.JPG,3648,2736,green,1242,1783,2016,2209
0_DSCF1105.JPG,3648,2736,yellow,1246,1016,2558,1771
0_DSCF1106.JPG,3648,2736,yellow,1291,1076,2446,1700
0_DSCF1109.JPG,3648,2736,white,1417,878,2595,1528
0_DSCF1110.JPG,3648,2736,white,1803,743,2962,1397
0_DSCF1110.JPG,3648,2736,green,554,792,1728,1435
0_DSCF1111.JPG,3648,2736,red,734,867,1758,1443
0_DSCF1111.JPG,3648,2736,yellow,1934,874,2977,1457
0_DSCF1114.JPG,3648,2736,red,1119,1177,2113,1685
0_DSCF1116.JPG,3648,2736,blue,1111,1458,2109,1981
0_DSCF1120.JPG,3648,2736,white,1088,1274,2412,1980
0_DSCF1122.JPG,3648,2736,blue,1160,949,2169,1491
0_DSCF1125.JPG,3648,2736,green,2016,930,2670,1345
0_DSCF1125.JPG,3648,2736,red,1635,1394,2450,1876
0_DSCF1125.JPG,3648,2736,yellow,450,1252,1242,1712
0_DSCF1129.JPG,3648,2736,red,1448,1772,2240,2273
0_DSCF1130.JPG,3648,2736,green,1377,1708,2132,2179
0_DSCF1132.JPG,3648,2736,green,408,1005,897,1255
0_DSCF1132.JPG,3648,2736,gray,472,1278,1365,1801
0_DSCF1132.JPG,3648,2736,blue,2068,1663,3474,2403
0_DSCF1133.JPG,3648,2736,green,1156,1192,2296,2033
0_DSCF1135.JPG,3648,2736,red,1242,1233,1847,1592
0_DSCF1137.JPG,3648,2736,yellow,920,1136,1769,1614
0_DSCF1140.JPG,3648,2736,red,1137,594,1926,878
0_DSCF1141.JPG,3648,2736,yellow,1074,665,1855,941
0_DSCF1142.JPG,3648,2736,yellow,1848,1200,2734,1588
0_DSCF1142.JPG,3648,2736,green,760,1211,1638,1599
1_DSCF1013.JPG,3648,2736,green,1195,1977,1676,2213
1_DSCF1013.JPG,3648,2736,yellow,1742,1894,2209,2157
1_DSCF1013.JPG,3648,2736,white,2272,1832,2724,2099
1_DSCF1013.JPG,3648,2736,gray,1261,2144,1749,2414
1_DSCF1013.JPG,3648,2736,blue,1845,2104,2323,2371
1_DSCF1013.JPG,3648,2736,red,2386,2038,2852,2305
1_DSCF1015.JPG,3648,2736,white,575,1331,1634,2216
1_DSCF1015.JPG,3648,2736,red,1842,1014,2849,1743
1_DSCF1016.JPG,3648,2736,gray,933,1912,1907,2548
1_DSCF1016.JPG,3648,2736,red,1709,1326,2602,1908
1_DSCF1016.JPG,3648,2736,white,2092,743,2935,1402
1_DSCF1017.JPG,3648,2736,gray,2076,562,2969,903
1_DSCF1021.JPG,3648,2736,blue,1926,741,2820,1277
1_DSCF1023.JPG,3648,2736,yellow,1888,1345,2664,1866
1_DSCF1025.JPG,3648,2736,red,857,1637,1947,2377
1_DSCF1029.JPG,3648,2736,red,129,1437,1400,2077
1_DSCF1029.JPG,3648,2736,yellow,1456,938,2579,1666
1_DSCF1029.JPG,3648,2736,green,2553,720,3611,1422
1_DSCF1032.JPG,3648,2736,blue,155,1327,1216,1843
1_DSCF1032.JPG,3648,2736,red,2524,1244,3513,1748
1_DSCF1037.JPG,3648,2736,green,1054,1891,2335,2601
1_DSCF1038.JPG,3648,2736,yellow,1317,1748,3227,2537
1_DSCF1040.JPG,3648,2736,yellow,493,1712,1537,2228
1_DSCF1040.JPG,3648,2736,green,1544,1691,2475,2147
1_DSCF1040.JPG,3648,2736,gray,2464,1680,3303,2117
1_DSCF1042.JPG,3648,2736,blue,1695,1810,2545,2353
1_DSCF1044.JPG,3648,2736,red,1619,1275,2668,1831
1_DSCF1048.JPG,3648,2736,gray,501,1241,1255,1558
1_DSCF1048.JPG,3648,2736,blue,1696,1191,2450,1489
1_DSCF1048.JPG,3648,2736,white,2844,1109,3640,1422
1_DSCF1049.JPG,3648,2736,gray,498,1177,1317,1634
1_DSCF1049.JPG,3648,2736,blue,1783,1406,2551,1873
1_DSCF1049.JPG,3648,2736,white,2862,1608,3595,2018
1_DSCF1050.JPG,3648,2736,blue,484,801,1341,1184
1_DSCF1050.JPG,3648,2736,white,1883,844,2728,1227
1_DSCF1053.JPG,3648,2736,green,1057,1593,2208,2129
1_DSCF1053.JPG,3648,2736,red,2298,1567,3457,2109
1_DSCF1056.JPG,3648,2736,yellow,546,1027,1984,1705
1_DSCF1056.JPG,3648,2736,red,1981,1023,3402,1733
1_DSCF1059.JPG,3648,2736,yellow,995,1129,1894,1931
1_DSCF1061.JPG,3648,2736,red,391,1372,1482,2032
1_DSCF1061.JPG,3648,2736,yellow,955,1001,1872,1528
1_DSCF1064.JPG,3648,2736,white,2590,305,3466,749
1_DSCF1064.JPG,3648,2736,yellow,631,632,1632,1126
1_DSCF1065.JPG,3648,2736,blue,750,1237,1614,1604
1_DSCF1065.JPG,3648,2736,green,2335,1089,3151,1456
1_DSCF1066.JPG,3648,2736,green,890,1212,1517,1571
1_DSCF1066.JPG,3648,2736,blue,1769,1212,2376,1559
1_DSCF1068.JPG,3648,2736,blue,799,391,2202,964
1_DSCF1068.JPG,3648,2736,green,2621,1751,3642,2353
1_DSCF1070.JPG,3648,2736,yellow,1877,1289,3071,1821
1_DSCF1070.JPG,3648,2736,red,1774,903,2793,1380
1_DSCF1072.JPG,3648,2736,white,875,1019,1950,1480
1_DSCF1072.JPG,3648,2736,yellow,2235,1232,3371,1682
1_DSCF1074.JPG,3648,2736,yellow,994,1228,2531,2126
1_DSCF1077.JPG,3648,2736,red,303,1049,1396,1557
1_DSCF1077.JPG,3648,2736,green,1673,1098,2789,1609
1_DSCF1081.JPG,3648,2736,gray,1298,1404,1927,1838
1_DSCF1082.JPG,3648,2736,blue,951,678,1866,1304
1_DSCF1082.JPG,3648,2736,gray,2024,704,2928,1339
1_DSCF1086.JPG,3648,2736,gray,695,1060,1286,1421
1_DSCF1086.JPG,3648,2736,yellow,1428,1056,2013,1421
1_DSCF1086.JPG,3648,2736,green,2112,1093,2689,1467
1_DSCF1086.JPG,3648,2736,white,2795,1076,3379,1467
1_DSCF1088.JPG,3648,2736,blue,1248,447,2048,877
1_DSCF1088.JPG,3648,2736,yellow,1343,1551,2006,1928
1_DSCF1090.JPG,3648,2736,green,1793,628,2421,924
1_DSCF1092.JPG,3648,2736,gray,451,1393,1375,1973
1_DSCF1092.JPG,3648,2736,blue,1742,1639,2690,2195
1_DSCF1092.JPG,3648,2736,white,2642,1108,3442,1651
1_DSCF1094.JPG,3648,2736,gray,1544,1032,2655,1613
1_DSCF1097.JPG,3648,2736,blue,1092,586,2043,1167
1_DSCF1099.JPG,3648,2736,red,943,542,1889,1092
1_DSCF1101.JPG,3648,2736,yellow,1024,1250,1948,1838
1_DSCF1103.JPG,3648,2736,red,1500,467,2204,777
1_DSCF1103.JPG,3648,2736,blue,1188,1624,2052,2070
1_DSCF1104.JPG,3648,2736,blue,1966,481,2751,803
1_DSCF1104.JPG,3648,2736,green,1871,1743,2759,2159
1_DSCF1105.JPG,3648,2736,yellow,997,920,2198,1605
1_DSCF1106.JPG,3648,2736,yellow,1040,1172,2039,1852
1_DSCF1109.JPG,3648,2736,white,855,818,1812,1425
1_DSCF1110.JPG,3648,2736,white,627,676,1687,1271
1_DSCF1110.JPG,3648,2736,green,1756,720,2830,1306
1_DSCF1111.JPG,3648,2736,red,1623,764,2503,1272
1_DSCF1111.JPG,3648,2736,yellow,576,770,1472,1284
1_DSCF1114.JPG,3648,2736,red,1654,1110,2725,1589
1_DSCF1116.JPG,3648,2736,blue,1744,1531,2875,2081
1_DSCF1120.JPG,3648,2736,white,1258,1187,2606,1845
1_DSCF1122.JPG,3648,2736,blue,1501,933,2525,1467
1_DSCF1125.JPG,3648,2736,green,950,766,1586,1108
1_DSCF1125.JPG,3648,2736,red,1164,1148,1956,1546
1_DSCF1125.JPG,3648,2736,yellow,2338,1031,3108,1410
1_DSCF1129.JPG,3648,2736,red,1547,1681,2417,2157
1_DSCF1130.JPG,3648,2736,green,1230,1540,1843,1964
1_DSCF1132.JPG,3648,2736,green,2321,1108,2733,1383
1_DSCF1132.JPG,3648,2736,gray,1926,1409,2679,1985
1_DSCF1132.JPG,3648,2736,blue,146,1833,1333,2649
1_DSCF1133.JPG,3648,2736,green,1540,1424,2839,2428
1_DSCF1135.JPG,3648,2736,red,2122,1094,2835,1413
1_DSCF1137.JPG,3648,2736,yellow,1666,1249,2419,1775
1_DSCF1140.JPG,3648,2736,red,2023,571,2951,845
1_DSCF1141.JPG,3648,2736,yellow,1753,581,2517,822
1_DSCF1142.JPG,3648,2736,yellow,897,1119,1767,1481
1_DSCF1142.JPG,3648,2736,green,1973,1129,2835,1491
2_DSCF1013.JPG,3648,2736,green,1214,1656,1698,1864
2_DSCF1013.JPG,3648,2736,yellow,1759,1606,2230,1836
2_DSCF1013.JPG,3648,2736,white,2287,1573,2743,1806
2_DSCF1013.JPG,3648,2736,gray,1274,1794,1766,2032
2_DSCF1013.JPG,3648,2736,blue,1856,1781,2337,2015
2_DSCF1013.JPG,3648,2736,red,2394,1745,2865,1979
2_DSCF1015.JPG,3648,2736,white,652,1342,1833,2234
2_DSCF1015.JPG,3648,2736,red,2045,1009,3166,1747
2_DSCF1016.JPG,3648,2736,gray,1051,1801,2158,2423
2_DSCF1016.JPG,3648,2736,red,1936,1285,2951,1854
2_DSCF1016.JPG,3648,2736,white,2379,759,3341,1398
2_DSCF1017.JPG,3648,2736,gray,1838,713,2624,1139
2_DSCF1021.JPG,3648,2736,blue,1990,760,2913,1307
2_DSCF1023.JPG,3648,2736,yellow,1908,1165,2693,1617
2_DSCF1025.JPG,3648,2736,red,980,1551,2228,2267
2_DSCF1029.JPG,3648,2736,red,132,1618,1400,2355
2_DSCF1029.JPG,3648,2736,yellow,1452,1076,2574,1910
2_DSCF1029.JPG,3648,2736,green,2540,846,3598,1650
2_DSCF1032.JPG,3648,2736,blue,171,1223,1148,1699
2_DSCF1032.JPG,3648,2736,red,2322,1096,3233,1560
2_DSCF1037.JPG,3648,2736,green,1200,1693,2661,2347
2_DSCF1038.JPG,3648,2736,yellow,1207,1759,2959,2558
2_DSCF1040.JPG,3648,2736,yellow,508,1806,1478,2360
2_DSCF1040.JPG,3648,2736,green,1467,1758,2333,2247
2_DSCF1040.JPG,3648,2736,gray,2306,1722,3087,2190
2_DSCF1042.JPG,3648,2736,blue,2024,1647,3032,2158
2_DSCF1044.JPG,3648,2736,red,1462,1192,2404,1720
2_DSCF1048.JPG,3648,2736,gray,449,1236,1113,1552
2_DSCF1048.JPG,3648,2736,blue,1498,1180,2161,1477
2_DSCF1048.JPG,3648,2736,white,2505,1091,3206,1403
2_DSCF1049.JPG,3648,2736,gray,481,1000,1269,1389
2_DSCF1049.JPG,3648,2736,blue,1717,1191,2457,1587
2_DSCF1049.JPG,3648,2736,white,2756,1360,3462,1707
2_DSCF1050.JPG,3648,2736,blue,462,793,1261,1165
2_DSCF1050.JPG,3648,2736,white,1756,807,2544,1179
2_DSCF1053.JPG,3648,2736,green,924,1515,1926,2037
2_DSCF1053.JPG,3648,2736,red,1994,1509,3003,2038
2_DSCF1056.JPG,3648,2736,yellow,468,956,1703,1588
2_DSCF1056.JPG,3648,2736,red,1699,952,2919,1615
2_DSCF1059.JPG,3648,2736,yellow,1221,993,2323,1700
2_DSCF1061.JPG,3648,2736,red,495,1645,1855,2439
2_DSCF1061.JPG,3648,2736,yellow,1192,1201,2335,1835
2_DSCF1064.JPG,3648,2736,white,2385,357,3195,877
2_DSCF1064.JPG,3648,2736,yellow,587,750,1513,1331
2_DSCF1065.JPG,3648,2736,blue,707,1028,1517,1336
2_DSCF1065.JPG,3648,2736,green,2192,910,2957,1218
2_DSCF1066.JPG,3648,2736,green,1028,1111,1742,1449
2_DSCF1066.JPG,3648,2736,blue,2020,1131,2711,1457
2_DSCF1068.JPG,3648,2736,blue,745,363,2052,876
2_DSCF1068.JPG,3648,2736,green,2453,1499,3406,2031
2_DSCF1070.JPG,3648,2736,yellow,1622,1387,2645,1977
2_DSCF1070.JPG,3648,2736,red,1523,987,2397,1515
2_DSCF1072.JPG,3648,2736,white,756,1216,1670,1768
2_DSCF1072.JPG,3648,2736,yellow,1905,1446,2870,1984
2_DSCF1074.JPG,3648,2736,yellow,1121,1309,2858,2280
2_DSCF1077.JPG,3648,2736,red,327,1237,1430,1866
2_DSCF1077.JPG,3648,2736,green,1683,1339,2809,1972
2_DSCF1081.JPG,3648,2736,gray,1478,1277,2189,1676
2_DSCF1082.JPG,3648,2736,blue,990,606,1942,1147
2_DSCF1082.JPG,3648,2736,gray,2087,594,3028,1143
2_DSCF1086.JPG,3648,2736,gray,740,959,1345,1295
2_DSCF1086.JPG,3648,2736,yellow,1479,975,2078,1315
2_DSCF1086.JPG,3648,2736,green,2168,1027,2759,1375
2_DSCF1086.JPG,3648,2736,white,2857,1031,3456,1394
2_DSCF1088.JPG,3648,2736,blue,1249,451,2035,877
2_DSCF1088.JPG,3648,2736,yellow,1323,1512,1975,1885
2_DSCF1090.JPG,3648,2736,green,1921,795,2593,1167
2_DSCF1092.JPG,3648,2736,gray,428,1282,1294,1822
2_DSCF1092.JPG,3648,2736,blue,1631,1517,2520,2035
2_DSCF1092.JPG,3648,2736,white,2475,1036,3226,1541
2_DSCF1094.JPG,3648,2736,gray,1377,1033,2366,1619
2_DSCF1097.JPG,3648,2736,blue,1316,650,2465,1293
2_DSCF1099.JPG,3648,2736,red,1111,556,2225,1121
2_DSCF1101.JPG,3648,2736,yellow,1015,1072,1931,1577
2_DSCF1103.JPG,3648,2736,red,1459,560,2146,925
2_DSCF1103.JPG,3648,2736,blue,1194,1857,2040,2377
2_DSCF1104.JPG,3648,2736,blue,1730,518,2410,853
2_DSCF1104.JPG,3648,2736,green,1614,1764,2384,2195
2_DSCF1105.JPG,3648,2736,yellow,1090,1014,2401,1771
2_DSCF1106.JPG,3648,2736,yellow,1202,1075,2356,1700
2_DSCF1109.JPG,3648,2736,white,1058,876,2233,1530
2_DSCF1110.JPG,3648,2736,white,692,764,1845,1426
2_DSCF1110.JPG,3648,2736,green,1902,778,3070,1430
2_DSCF1111.JPG,3648,2736,red,1887,881,2908,1462
2_DSCF1111.JPG,3648,2736,yellow,685,864,1725,1452
2_DSCF1114.JPG,3648,2736,red,1535,1170,2525,1683
2_DSCF1116.JPG,3648,2736,blue,1540,1453,2537,1978
2_DSCF1120.JPG,3648,2736,white,1239,1267,2560,1977
2_DSCF1122.JPG,3648,2736,blue,1483,955,2485,1506
2_DSCF1125.JPG,3648,2736,green,981,943,1634,1359
2_DSCF1125.JPG,3648,2736,red,1206,1390,2019,1875
2_DSCF1125.JPG,3648,2736,yellow,2396,1231,3186,1694
2_DSCF1129.JPG,3648,2736,red,1432,1741,2221,2246
2_DSCF1130.JPG,3648,2736,green,1527,1690,2280,2163
2_DSCF1132.JPG,3648,2736,green,2742,1026,3229,1279
2_DSCF1132.JPG,3648,2736,gray,2270,1286,3161,1813
2_DSCF1132.JPG,3648,2736,blue,176,1631,1578,2377
2_DSCF1133.JPG,3648,2736,green,1352,1189,2492,2031
2_DSCF1135.JPG,3648,2736,red,1794,1237,2396,1600
2_DSCF1137.JPG,3648,2736,yellow,1876,1130,2723,1610
2_DSCF1140.JPG,3648,2736,red,1709,600,2492,891
2_DSCF1141.JPG,3648,2736,yellow,1797,674,2575,954
2_DSCF1142.JPG,3648,2736,yellow,918,1193,1801,1585
2_DSCF1142.JPG,3648,2736,green,2006,1214,2882,1605
3_DSCF1013.JPG,3648,2736,green,1212,1690,1692,1891
3_DSCF1013.JPG,3648,2736,yellow,1748,1619,2216,1843
3_DSCF1013.JPG,3648,2736,white,2268,1566,2722,1794
3_DSCF1013.JPG,3648,2736,gray,1267,1832,1756,2063
3_DSCF1013.JPG,3648,2736,blue,1839,1798,2317,2026
3_DSCF1013.JPG,3648,2736,red,2369,1742,2837,1970
3_DSCF1015.JPG,3648,2736,white,643,1342,1823,2234
3_DSCF1015.JPG,3648,2736,red,2051,1022,3172,1757
3_DSCF1016.JPG,3648,2736,gray,1102,1843,2209,2456
3_DSCF1016.JPG,3648,2736,red,1947,1278,2960,1839
3_DSCF1016.JPG,3648,2736,white,2353,717,3314,1352
3_DSCF1017.JPG,3648,2736,gray,1837,698,2624,1120
3_DSCF1021.JPG,3648,2736,blue,1987,755,2899,1301
3_DSCF1023.JPG,3648,2736,yellow,1884,1166,2657,1618
3_DSCF1025.JPG,3648,2736,red,1059,1570,2290,2280
3_DSCF1029.JPG,3648,2736,red,144,1648,1402,2381
3_DSCF1029.JPG,3648,2736,yellow,1440,1076,2562,1910
3_DSCF1029.JPG,3648,2736,green,2505,826,3563,1630
3_DSCF1032.JPG,3648,2736,blue,239,1200,1198,1667
3_DSCF1032.JPG,3648,2736,red,2283,1125,3178,1581
3_DSCF1037.JPG,3648,2736,green,1185,1712,2634,2355
3_DSCF1038.JPG,3648,2736,yellow,1271,1764,2988,2560
3_DSCF1040.JPG,3648,2736,yellow,461,1813,1437,2359
3_DSCF1040.JPG,3648,2736,green,1444,1791,2313,2273
3_DSCF1040.JPG,3648,2736,gray,2302,1779,3086,2242
3_DSCF1042.JPG,3648,2736,blue,2035,1682,3025,2186
3_DSCF1044.JPG,3648,2736,red,1452,1200,2382,1723
3_DSCF1048.JPG,3648,2736,gray,503,1230,1155,1544
3_DSCF1048.JPG,3648,2736,blue,1507,1181,2158,1476
3_DSCF1048.JPG,3648,2736,white,2471,1099,3159,1409
3_DSCF1049.JPG,3648,2736,gray,544,998,1320,1386
3_DSCF1049.JPG,3648,2736,blue,1708,1192,2437,1588
3_DSCF1049.JPG,3648,2736,white,2689,1364,3383,1711
3_DSCF1050.JPG,3648,2736,blue,461,766,1264,1132
3_DSCF1050.JPG,3648,2736,white,1767,807,2559,1173
3_DSCF1053.JPG,3648,2736,green,924,1536,1917,2052
3_DSCF1053.JPG,3648,2736,red,1968,1510,2970,2033
3_DSCF1056.JPG,3648,2736,yellow,519,957,1728,1589
3_DSCF1056.JPG,3648,2736,red,1672,953,2869,1615
3_DSCF1059.JPG,3648,2736,yellow,1223,994,2323,1700
3_DSCF1061.JPG,3648,2736,red,510,1648,1867,2440
3_DSCF1061.JPG,3648,2736,yellow,1196,1203,2335,1835
3_DSCF1064.JPG,3648,2736,white,2281,358,3086,877
3_DSCF1064.JPG,3648,2736,yellow,608,740,1526,1319
3_DSCF1065.JPG,3648,2736,blue,740,1031,1530,1337
3_DSCF1065.JPG,3648,2736,green,2140,908,2886,1214
3_DSCF1066.JPG,3648,2736,green,1045,1121,1752,1453
3_DSCF1066.JPG,3648,2736,blue,2014,1121,2699,1442
3_DSCF1068.JPG,3648,2736,blue,737,343,2028,844
3_DSCF1068.JPG,3648,2736,green,2441,1533,3388,2060
3_DSCF1070.JPG,3648,2736,yellow,1620,1413,2644,1996
3_DSCF1070.JPG,3648,2736,red,1524,990,2399,1513
3_DSCF1072.JPG,3648,2736,white,787,1211,1694,1760
3_DSCF1072.JPG,3648,2736,yellow,1906,1465,2862,1999
3_DSCF1074.JPG,3648,2736,yellow,1103,1319,2825,2283
3_DSCF1077.JPG,3648,2736,red,324,1282,1428,1902
3_DSCF1077.JPG,3648,2736,green,1686,1342,2812,1966
3_DSCF1081.JPG,3648,2736,gray,1483,1282,2189,1678
3_DSCF1082.JPG,3648,2736,blue,1021,579,1973,1113
3_DSCF1082.JPG,3648,2736,gray,2118,601,3059,1143
3_DSCF1086.JPG,3648,2736,gray,758,975,1361,1307
3_DSCF1086.JPG,3648,2736,yellow,1486,971,2082,1307
3_DSCF1086.JPG,3648,2736,green,2162,1005,2751,1349
3_DSCF1086.JPG,3648,2736,white,2840,990,3437,1349
3_DSCF1088.JPG,3648,2736,blue,1243,440,2030,862
3_DSCF1088.JPG,3648,2736,yellow,1323,1525,1976,1895
3_DSCF1090.JPG,3648,2736,green,1922,784,2593,1154
3_DSCF1092.JPG,3648,2736,gray,474,1293,1331,1831
3_DSCF1092.JPG,3648,2736,blue,1591,1521,2468,2037
3_DSCF1092.JPG,3648,2736,white,2425,1028,3171,1532
3_DSCF1094.JPG,3648,2736,gray,1379,1035,2367,1618
3_DSCF1097.JPG,3648,2736,blue,1364,642,2500,1277
3_DSCF1099.JPG,3648,2736,red,1144,556,2246,1120
3_DSCF1101.JPG,3648,2736,yellow,1046,1072,1948,1576
3_DSCF1103.JPG,3648,2736,red,1434,541,2115,900
3_DSCF1103.JPG,3648,2736,blue,1237,1880,2078,2396
3_DSCF1104.JPG,3648,2736,blue,1645,493,2313,822
3_DSCF1104.JPG,3648,2736,green,1680,1783,2441,2209
3_DSCF1105.JPG,3648,2736,yellow,1103,1016,2399,1771
3_DSCF1106.JPG,3648,2736,yellow,1214,1076,2346,1700
3_DSCF1109.JPG,3648,2736,white,1055,878,2225,1528
3_DSCF1110.JPG,3648,2736,white,702,743,1845,1397
3_DSCF1110.JPG,3648,2736,green,1872,792,3030,1435
3_DSCF1111.JPG,3648,2736,red,1885,867,2908,1443
3_DSCF1111.JPG,3648,2736,yellow,673,874,1714,1457
3_DSCF1114.JPG,3648,2736,red,1536,1177,2514,1685
3_DSCF1116.JPG,3648,2736,blue,1547,1458,2538,1981
3_DSCF1120.JPG,3648,2736,white,1231,1274,2547,1980
3_DSCF1122.JPG,3648,2736,blue,1473,949,2476,1491
3_DSCF1125.JPG,3648,2736,green,985,930,1636,1345
3_DSCF1125.JPG,3648,2736,red,1217,1394,2027,1876
3_DSCF1125.JPG,3648,2736,yellow,2382,1252,3169,1712
3_DSCF1129.JPG,3648,2736,red,1434,1772,2222,2273
3_DSCF1130.JPG,3648,2736,green,1505,1708,2258,2179
3_DSCF1132.JPG,3648,2736,green,2686,1005,3168,1255
3_DSCF1132.JPG,3648,2736,gray,2256,1278,3140,1801
3_DSCF1132.JPG,3648,2736,blue,266,1663,1653,2403
3_DSCF1133.JPG,3648,2736,green,1342,1192,2481,2033
3_DSCF1135.JPG,3648,2736,red,1798,1233,2402,1592
3_DSCF1137.JPG,3648,2736,yellow,1873,1136,2720,1614
3_DSCF1140.JPG,3648,2736,red,1702,594,2483,878
3_DSCF1141.JPG,3648,2736,yellow,1832,665,2586,941
3_DSCF1142.JPG,3648,2736,yellow,937,1200,1809,1588
3_DSCF1142.JPG,3648,2736,green,1991,1211,2855,1599
x_DSCF1013.JPG,3648,2736,green,2238,1821,2804,2039
x_DSCF1013.JPG,3648,2736,yellow,1624,1746,2174,1988
x_DSCF1013.JPG,3648,2736,white,1030,1690,1565,1936
x_DSCF1013.JPG,3648,2736,gray,2145,1975,2721,2224
x_DSCF1013.JPG,3648,2736,blue,1483,1939,2046,2185
x_DSCF1013.JPG,3648,2736,red,874,1880,1425,2126
x_DSCF1015.JPG,3648,2736,white,646,1576,1700,2620
x_DSCF1015.JPG,3648,2736,red,1783,1191,2773,2053
x_DSCF1016.JPG,3648,2736,gray,1272,2137,2501,2731
x_DSCF1016.JPG,3648,2736,red,2182,1479,3316,2133
x_DSCF1016.JPG,3648,2736,white,2612,829,3577,1568
x_DSCF1017.JPG,3648,2736,gray,1592,619,2260,987
x_DSCF1021.JPG,3648,2736,blue,2233,596,3246,1046
x_DSCF1023.JPG,3648,2736,yellow,1595,1024,2249,1424
x_DSCF1025.JPG,3648,2736,red,1155,1408,2172,2055
x_DSCF1029.JPG,3648,2736,red,2508,1966,3635,2736
x_DSCF1029.JPG,3648,2736,yellow,1214,1280,2474,2275
x_DSCF1029.JPG,3648,2736,green,96,976,1285,1936
x_DSCF1032.JPG,3648,2736,blue,182,984,1187,1368
x_DSCF1032.JPG,3648,2736,red,2391,883,3328,1257
x_DSCF1037.JPG,3648,2736,green,1313,1349,2837,1893
x_DSCF1038.JPG,3648,2736,yellow,632,1931,2302,2700
x_DSCF1040.JPG,3648,2736,yellow,605,1963,1613,2579
x_DSCF1040.JPG,3648,2736,green,1557,1968,2458,2512
x_DSCF1040.JPG,3648,2736,gray,2390,1980,3205,2502
x_DSCF1042.JPG,3648,2736,blue,2085,1805,3119,2354
x_DSCF1044.JPG,3648,2736,red,1277,1286,2242,1857
x_DSCF1048.JPG,3648,2736,gray,454,1383,1007,1733
x_DSCF1048.JPG,3648,2736,blue,1281,1310,1832,1640
x_DSCF1048.JPG,3648,2736,white,2076,1202,2658,1548
x_DSCF1049.JPG,3648,2736,gray,2230,1074,2972,1497
x_DSCF1049.JPG,3648,2736,blue,1144,1295,1842,1726
x_DSCF1049.JPG,3648,2736,white,229,1490,892,1869
x_DSCF1050.JPG,3648,2736,blue,2165,916,2899,1345
x_DSCF1050.JPG,3648,2736,white,1031,930,1754,1360
x_DSCF1053.JPG,3648,2736,green,1943,1283,3059,1730
x_DSCF1053.JPG,3648,2736,red,768,1282,1891,1735
x_DSCF1056.JPG,3648,2736,yellow,2196,1028,3589,1706
x_DSCF1056.JPG,3648,2736,red,860,990,2240,1699
x_DSCF1059.JPG,3648,2736,yellow,1250,1104,2381,1889
x_DSCF1061.JPG,3648,2736,red,429,1512,1581,2270
x_DSCF1061.JPG,3648,2736,yellow,1040,1126,2005,1733
x_DSCF1064.JPG,3648,2736,white,1931,412,2588,939
x_DSCF1064.JPG,3648,2736,yellow,514,736,1264,1325
x_DSCF1065.JPG,3648,2736,blue,617,1031,1288,1351
x_DSCF1065.JPG,3648,2736,green,1835,944,2469,1263
x_DSCF1066.JPG,3648,2736,green,1549,948,2116,1231
x_DSCF1066.JPG,3648,2736,blue,795,964,1345,1238
x_DSCF1068.JPG,3648,2736,blue,663,298,1819,723
x_DSCF1068.JPG,3648,2736,green,2201,1277,3052,1722
x_DSCF1070.JPG,3648,2736,yellow,1473,1650,2427,2339
x_DSCF1070.JPG,3648,2736,red,1414,1164,2230,1782
x_DSCF1072.JPG,3648,2736,white,710,1248,1567,1830
x_DSCF1072.JPG,3648,2736,yellow,1763,1538,2668,2107
x_DSCF1074.JPG,3648,2736,yellow,1000,1569,2502,2721
x_DSCF1077.JPG,3648,2736,red,2391,1275,3543,1891
x_DSCF1077.JPG,3648,2736,green,916,1286,2147,1908
x_DSCF1081.JPG,3648,2736,gray,1631,1162,2419,1522
x_DSCF1082.JPG,3648,2736,blue,1077,533,1992,1026
x_DSCF1082.JPG,3648,2736,gray,2085,583,2991,1083
x_DSCF1086.JPG,3648,2736,gray,1997,1068,2521,1434
x_DSCF1086.JPG,3648,2736,yellow,1364,1074,1883,1445
x_DSCF1086.JPG,3648,2736,green,775,1121,1289,1500
x_DSCF1086.JPG,3648,2736,white,174,1115,694,1510
x_DSCF1088.JPG,3648,2736,blue,1865,475,2726,910
x_DSCF1088.JPG,3648,2736,yellow,1811,1536,2526,1916
x_DSCF1090.JPG,3648,2736,green,1941,632,2628,937
x_DSCF1092.JPG,3648,2736,gray,1959,1145,2681,1620
x_DSCF1092.JPG,3648,2736,blue,941,1326,1681,1782
x_DSCF1092.JPG,3648,2736,white,371,892,997,1336
x_DSCF1094.JPG,3648,2736,gray,1417,1205,2510,1885
x_DSCF1097.JPG,3648,2736,blue,1343,528,2510,1052
x_DSCF1099.JPG,3648,2736,red,1216,657,2432,1323
x_DSCF1101.JPG,3648,2736,yellow,1956,1046,2998,1542
x_DSCF1103.JPG,3648,2736,red,1422,635,2093,1054
x_DSCF1103.JPG,3648,2736,blue,1670,2174,2497,2722
x_DSCF1104.JPG,3648,2736,blue,1402,483,2137,805
x_DSCF1104.JPG,3648,2736,green,1333,1736,2167,2153
x_DSCF1105.JPG,3648,2736,yellow,1446,827,2914,1452
x_DSCF1106.JPG,3648,2736,yellow,1330,1079,2574,1709
x_DSCF1109.JPG,3648,2736,white,1673,1004,3059,1749
x_DSCF1110.JPG,3648,2736,white,624,669,1667,1261
x_DSCF1110.JPG,3648,2736,green,1727,719,2784,1301
x_DSCF1111.JPG,3648,2736,red,1863,898,2880,1489
x_DSCF1111.JPG,3648,2736,yellow,727,877,1763,1476
x_DSCF1114.JPG,3648,2736,red,1400,1142,2294,1642
x_DSCF1116.JPG,3648,2736,blue,1281,1205,2380,1649
x_DSCF1120.JPG,3648,2736,white,1409,1057,2878,1648
x_DSCF1122.JPG,3648,2736,blue,1300,1038,2183,1633
x_DSCF1125.JPG,3648,2736,green,1967,1106,2618,1591
x_DSCF1125.JPG,3648,2736,red,1637,1612,2444,2178
x_DSCF1125.JPG,3648,2736,yellow,543,1415,1326,1955
x_DSCF1129.JPG,3648,2736,red,1523,1422,2327,1825
x_DSCF1130.JPG,3648,2736,green,1396,1781,2106,2279
x_DSCF1132.JPG,3648,2736,green,490,1144,950,1424
x_DSCF1132.JPG,3648,2736,gray,503,1430,1350,2013
x_DSCF1132.JPG,3648,2736,blue,1866,1806,3191,2634
x_DSCF1133.JPG,3648,2736,green,1130,1182,2242,2017
x_DSCF1135.JPG,3648,2736,red,1595,1019,2127,1318
x_DSCF1137.JPG,3648,2736,yellow,1073,1017,2031,1452
x_DSCF1140.JPG,3648,2736,red,2031,562,2937,831
x_DSCF1141.JPG,3648,2736,yellow,1277,641,2200,910
x_DSCF1142.JPG,3648,2736,yellow,1914,1142,2818,1534
x_DSCF1142.JPG,3648,2736,green,839,1190,1735,1581
x0_DSCF1013.JPG,3648,2736,green,2256,1611,2823,1806
x0_DSCF1013.JPG,3648,2736,yellow,1628,1548,2179,1765
x0_DSCF1013.JPG,3648,2736,white,1024,1502,1556,1723
x0_DSCF1013.JPG,3648,2736,gray,2170,1747,2746,1970
x0_DSCF1013.JPG,3648,2736,blue,1495,1719,2059,1940
x0_DSCF1013.JPG,3648,2736,red,872,1670,1424,1891
x0_DSCF1015.JPG,3648,2736,white,566,1083,1526,1808
x0_DSCF1015.JPG,3648,2736,red,1643,836,2550,1435
x0_DSCF1016.JPG,3648,2736,gray,1656,1669,2875,2225
x0_DSCF1016.JPG,3648,2736,red,783,1156,1900,1665
x0_DSCF1016.JPG,3648,2736,white,349,648,1409,1224
x0_DSCF1017.JPG,3648,2736,gray,945,730,1669,1172
x0_DSCF1021.JPG,3648,2736,blue,761,825,1689,1433
x0_DSCF1023.JPG,3648,2736,yellow,1125,1203,2019,1673
x0_DSCF1025.JPG,3648,2736,red,1445,1360,2672,1985
x0_DSCF1029.JPG,3648,2736,red,266,1572,1555,2311
x0_DSCF1029.JPG,3648,2736,yellow,1495,1071,2654,1901
x0_DSCF1029.JPG,3648,2736,green,2525,868,3533,1665
x0_DSCF1032.JPG,3648,2736,blue,261,938,1218,1333
x0_DSCF1032.JPG,3648,2736,red,2319,950,3212,1335
x0_DSCF1037.JPG,3648,2736,green,1166,1499,2508,2064
x0_DSCF1038.JPG,3648,2736,yellow,1445,1739,3487,2577
x0_DSCF1040.JPG,3648,2736,yellow,1979,1814,2825,2377
x0_DSCF1040.JPG,3648,2736,green,1276,1817,2031,2315
x0_DSCF1040.JPG,3648,2736,gray,657,1827,1340,2304
x0_DSCF1042.JPG,3648,2736,blue,718,1527,1827,2005
x0_DSCF1044.JPG,3648,2736,red,1582,1143,2603,1647
x0_DSCF1048.JPG,3648,2736,gray,2229,1442,2826,1818
x0_DSCF1048.JPG,3648,2736,blue,1352,1402,1946,1756
x0_DSCF1048.JPG,3648,2736,white,477,1323,1105,1695
x0_DSCF1049.JPG,3648,2736,gray,2165,1182,2890,1648
x0_DSCF1049.JPG,3648,2736,blue,1165,1426,1850,1901
x0_DSCF1049.JPG,3648,2736,white,321,1642,971,2059
x0_DSCF1050.JPG,3648,2736,blue,2711,777,3547,1165
x0_DSCF1050.JPG,3648,2736,white,1316,847,2205,1237
x0_DSCF1053.JPG,3648,2736,green,1969,1311,3109,1770
x0_DSCF1053.JPG,3648,2736,red,775,1311,1924,1776
x0_DSCF1056.JPG,3648,2736,yellow,1560,1059,2554,1758
x0_DSCF1056.JPG,3648,2736,red,615,1039,1598,1770
x0_DSCF1059.JPG,3648,2736,yellow,1009,864,1905,1482
x0_DSCF1061.JPG,3648,2736,red,1491,1772,2604,2631
x0_DSCF1061.JPG,3648,2736,yellow,1098,1294,2031,1979
x0_DSCF1064.JPG,3648,2736,white,1956,401,2608,922
x0_DSCF1064.JPG,3648,2736,yellow,571,728,1315,1309
x0_DSCF1065.JPG,3648,2736,blue,2089,1205,2879,1564
x0_DSCF1065.JPG,3648,2736,green,705,1053,1454,1412
x0_DSCF1066.JPG,3648,2736,green,994,1216,1684,1577
x0_DSCF1066.JPG,3648,2736,blue,1951,1205,2619,1555
x0_DSCF1068.JPG,3648,2736,blue,1650,424,2984,1032
x0_DSCF1068.JPG,3648,2736,green,242,1809,1222,2443
x0_DSCF1070.JPG,3648,2736,yellow,1021,1520,2065,2151
x0_DSCF1070.JPG,3648,2736,red,1293,1068,2188,1634
x0_DSCF1072.JPG,3648,2736,white,732,1155,1591,1676
x0_DSCF1072.JPG,3648,2736,yellow,1789,1347,2694,1856
x0_DSCF1074.JPG,3648,2736,yellow,723,1068,2274,1880
x0_DSCF1077.JPG,3648,2736,red,2045,1177,3062,1746
x0_DSCF1077.JPG,3648,2736,green,765,1231,1804,1804
x0_DSCF1081.JPG,3648,2736,gray,1474,1483,2192,1949
x0_DSCF1082.JPG,3648,2736,blue,998,634,1920,1221
x0_DSCF1082.JPG,3648,2736,gray,2048,691,2961,1286
x0_DSCF1086.JPG,3648,2736,gray,2275,822,2871,1098
x0_DSCF1086.JPG,3648,2736,yellow,1566,801,2155,1080
x0_DSCF1086.JPG,3648,2736,green,906,812,1488,1097
x0_DSCF1086.JPG,3648,2736,white,231,783,822,1080
x0_DSCF1088.JPG,3648,2736,blue,1068,420,1737,795
x0_DSCF1088.JPG,3648,2736,yellow,1151,1343,1707,1671
x0_DSCF1090.JPG,3648,2736,green,1951,826,2639,1221
x0_DSCF1092.JPG,3648,2736,gray,407,1112,1149,1573
x0_DSCF1092.JPG,3648,2736,blue,1407,1303,2167,1746
x0_DSCF1092.JPG,3648,2736,white,2127,880,2772,1312
x0_DSCF1094.JPG,3648,2736,gray,1483,837,2618,1310
x0_DSCF1097.JPG,3648,2736,blue,1007,683,1994,1359
x0_DSCF1099.JPG,3648,2736,red,1136,551,2206,1111
x0_DSCF1101.JPG,3648,2736,yellow,1605,1265,2467,1863
x0_DSCF1103.JPG,3648,2736,red,1675,659,2424,1090
x0_DSCF1103.JPG,3648,2736,blue,1193,2201,2111,2707
x0_DSCF1104.JPG,3648,2736,blue,1391,529,2160,880
x0_DSCF1104.JPG,3648,2736,green,1515,1838,2391,2290
x0_DSCF1105.JPG,3648,2736,yellow,1044,907,2135,1581
x0_DSCF1106.JPG,3648,2736,yellow,1368,1093,2578,1737
x0_DSCF1109.JPG,3648,2736,white,1586,896,2900,1564
x0_DSCF1110.JPG,3648,2736,white,684,803,1720,1513
x0_DSCF1110.JPG,3648,2736,green,1713,861,2759,1559
x0_DSCF1111.JPG,3648,2736,red,1846,744,2848,1234
x0_DSCF1111.JPG,3648,2736,yellow,711,727,1732,1223
x0_DSCF1114.JPG,3648,2736,red,1329,1371,2198,1966
x0_DSCF1116.JPG,3648,2736,blue,1308,1478,2481,2028
x0_DSCF1120.JPG,3648,2736,white,1054,1217,2281,1898
x0_DSCF1122.JPG,3648,2736,blue,1373,1007,2555,1591
x0_DSCF1125.JPG,3648,2736,green,2147,1068,2859,1555
x0_DSCF1125.JPG,3648,2736,red,1816,1597,2698,2165
x0_DSCF1125.JPG,3648,2736,yellow,603,1473,1460,2015
x0_DSCF1129.JPG,3648,2736,red,1229,1557,1868,1997
x0_DSCF1130.JPG,3648,2736,green,1327,1443,1967,1841
x0_DSCF1132.JPG,3648,2736,green,3241,921,3645,1152
x0_DSCF1132.JPG,3648,2736,gray,2690,1172,3646,1654
x0_DSCF1132.JPG,3648,2736,blue,207,1529,1865,2212
x0_DSCF1133.JPG,3648,2736,green,1255,1325,2309,2262
x0_DSCF1135.JPG,3648,2736,red,1065,1423,1580,1837
x0_DSCF1137.JPG,3648,2736,yellow,1112,1100,2117,1569
x0_DSCF1140.JPG,3648,2736,red,1957,477,2855,713
x0_DSCF1141.JPG,3648,2736,yellow,2012,741,2889,1066
x0_DSCF1142.JPG,3648,2736,yellow,1046,1080,2012,1438
x0_DSCF1142.JPG,3648,2736,green,2213,1105,3171,1463
x1_DSCF1013.JPG,3648,2736,green,1592,1544,1989,1730
x1_DSCF1013.JPG,3648,2736,yellow,1163,1486,1549,1693
x1_DSCF1013.JPG,3648,2736,white,749,1444,1123,1654
x1_DSCF1013.JPG,3648,2736,gray,1529,1673,1933,1886
x1_DSCF1013.JPG,3648,2736,blue,1067,1648,1462,1859
x1_DSCF1013.JPG,3648,2736,red,642,1604,1027,1814
x1_DSCF1015.JPG,3648,2736,white,1982,1364,3268,2297
x1_DSCF1015.JPG,3648,2736,red,534,1080,1751,1853
x1_DSCF1016.JPG,3648,2736,gray,1196,2151,2294,2706
x1_DSCF1016.JPG,3648,2736,red,1971,1481,2992,2152
x1_DSCF1016.JPG,3648,2736,white,2325,828,3300,1582
x1_DSCF1017.JPG,3648,2736,gray,948,779,1664,1240
x1_DSCF1021.JPG,3648,2736,blue,722,702,1600,1205
x1_DSCF1023.JPG,3648,2736,yellow,811,966,1443,1336
x1_DSCF1025.JPG,3648,2736,red,911,1525,2037,2228
x1_DSCF1029.JPG,3648,2736,red,131,1963,1449,2724
x1_DSCF1029.JPG,3648,2736,yellow,1498,1289,2670,2288
x1_DSCF1029.JPG,3648,2736,green,2626,997,3624,1960
x1_DSCF1032.JPG,3648,2736,blue,2618,1136,3519,1605
x1_DSCF1032.JPG,3648,2736,red,517,1129,1474,1590
x1_DSCF1037.JPG,3648,2736,green,1375,1805,3002,2508
x1_DSCF1038.JPG,3648,2736,yellow,1226,1944,2950,2716
x1_DSCF1040.JPG,3648,2736,yellow,2032,1472,2920,1922
x1_DSCF1040.JPG,3648,2736,green,1266,1435,2059,1832
x1_DSCF1040.JPG,3648,2736,gray,592,1408,1307,1789
x1_DSCF1042.JPG,3648,2736,blue,675,1977,1550,2577
x1_DSCF1044.JPG,3648,2736,red,1119,1376,1978,1987
x1_DSCF1048.JPG,3648,2736,gray,2644,1101,3334,1383
x1_DSCF1048.JPG,3648,2736,blue,1584,1028,2272,1294
x1_DSCF1048.JPG,3648,2736,white,527,928,1254,1207
x1_DSCF1049.JPG,3648,2736,gray,2274,810,3027,1135
x1_DSCF1049.JPG,3648,2736,blue,1156,987,1862,1317
x1_DSCF1049.JPG,3648,2736,white,211,1143,884,1434
x1_DSCF1050.JPG,3648,2736,blue,2549,766,3408,1129
x1_DSCF1050.JPG,3648,2736,white,1185,789,2032,1151
x1_DSCF1053.JPG,3648,2736,green,956,1417,1923,1914
x1_DSCF1053.JPG,3648,2736,red,1952,1426,2926,1930
x1_DSCF1056.JPG,3648,2736,yellow,441,1109,1548,1857
x1_DSCF1056.JPG,3648,2736,red,1522,1123,2617,1905
x1_DSCF1059.JPG,3648,2736,yellow,1203,973,2194,1665
x1_DSCF1061.JPG,3648,2736,red,2156,1682,3625,2491
x1_DSCF1061.JPG,3648,2736,yellow,1573,1227,2907,1873
x1_DSCF1064.JPG,3648,2736,white,491,367,1394,827
x1_DSCF1064.JPG,3648,2736,yellow,2339,620,3369,1134
x1_DSCF1065.JPG,3648,2736,blue,1727,857,2379,1113
x1_DSCF1065.JPG,3648,2736,green,592,760,1209,1016
x1_DSCF1066.JPG,3648,2736,green,2218,1116,3040,1449
x1_DSCF1066.JPG,3648,2736,blue,1125,1104,1922,1426
x1_DSCF1068.JPG,3648,2736,blue,1636,396,2958,945
x1_DSCF1068.JPG,3648,2736,green,251,1567,1220,2132
x1_DSCF1070.JPG,3648,2736,yellow,1406,1225,2269,1739
x1_DSCF1070.JPG,3648,2736,red,1294,875,2035,1336
x1_DSCF1072.JPG,3648,2736,white,1926,1342,2815,1961
x1_DSCF1072.JPG,3648,2736,yellow,805,1643,1742,2246
x1_DSCF1074.JPG,3648,2736,yellow,1324,1424,3385,2472
x1_DSCF1077.JPG,3648,2736,red,2366,1199,3544,1779
x1_DSCF1077.JPG,3648,2736,green,930,1247,2131,1831
x1_DSCF1081.JPG,3648,2736,gray,1634,1062,2402,1402
x1_DSCF1082.JPG,3648,2736,blue,1424,599,2228,1147
x1_DSCF1082.JPG,3648,2736,gray,505,612,1300,1168
x1_DSCF1086.JPG,3648,2736,gray,2541,1006,3212,1350
x1_DSCF1086.JPG,3648,2736,yellow,1742,1003,2406,1351
x1_DSCF1086.JPG,3648,2736,green,1001,1040,1657,1396
x1_DSCF1086.JPG,3648,2736,white,241,1026,906,1397
x1_DSCF1088.JPG,3648,2736,blue,1353,513,2211,996
x1_DSCF1088.JPG,3648,2736,yellow,1469,1708,2181,2131
x1_DSCF1090.JPG,3648,2736,green,899,793,1465,1168
x1_DSCF1092.JPG,3648,2736,gray,483,1287,1265,1820
x1_DSCF1092.JPG,3648,2736,blue,1523,1499,2322,2011
x1_DSCF1092.JPG,3648,2736,white,2185,1011,2866,1510
x1_DSCF1094.JPG,3648,2736,gray,1196,1225,2114,1916
x1_DSCF1097.JPG,3648,2736,blue,1119,684,2045,1354
x1_DSCF1099.JPG,3648,2736,red,1281,615,2264,1239
x1_DSCF1101.JPG,3648,2736,yellow,1212,1038,2268,1530
x1_DSCF1103.JPG,3648,2736,red,1668,584,2410,968
x1_DSCF1103.JPG,3648,2736,blue,1216,1971,2135,2520
x1_DSCF1104.JPG,3648,2736,blue,1411,517,2115,859
x1_DSCF1104.JPG,3648,2736,green,1262,1808,2064,2250
x1_DSCF1105.JPG,3648,2736,yellow,1217,1078,2493,1889
x1_DSCF1106.JPG,3648,2736,yellow,1163,1015,2201,1604
x1_DSCF1109.JPG,3648,2736,white,1206,740,2537,1296
x1_DSCF1110.JPG,3648,2736,white,787,668,2057,1261
x1_DSCF1110.JPG,3648,2736,green,2081,721,3366,1304
x1_DSCF1111.JPG,3648,2736,red,2191,940,3387,1561
x1_DSCF1111.JPG,3648,2736,yellow,840,926,2059,1555
x1_DSCF1114.JPG,3648,2736,red,1351,1034,2203,1486
x1_DSCF1116.JPG,3648,2736,blue,1662,1252,2728,1710
x1_DSCF1120.JPG,3648,2736,white,1228,1320,2662,2062
x1_DSCF1122.JPG,3648,2736,blue,1015,878,1882,1379
x1_DSCF1125.JPG,3648,2736,green,2318,825,3067,1199
x1_DSCF1125.JPG,3648,2736,red,1881,1237,2815,1672
x1_DSCF1125.JPG,3648,2736,yellow,545,1127,1452,1542
x1_DSCF1129.JPG,3648,2736,red,1724,1745,2645,2240
x1_DSCF1130.JPG,3648,2736,green,1297,1767,1912,2255
x1_DSCF1132.JPG,3648,2736,green,403,938,811,1171
x1_DSCF1132.JPG,3648,2736,gray,475,1189,1225,1675
x1_DSCF1132.JPG,3648,2736,blue,1769,1538,2943,2226
x1_DSCF1133.JPG,3648,2736,green,1349,1420,2671,2424
x1_DSCF1135.JPG,3648,2736,red,1872,1159,2499,1500
x1_DSCF1137.JPG,3648,2736,yellow,1701,1312,2470,1866
x1_DSCF1140.JPG,3648,2736,red,1299,713,2183,1055
x1_DSCF1141.JPG,3648,2736,yellow,1014,767,1737,1085
x1_DSCF1142.JPG,3648,2736,yellow,1540,1326,2265,1763
x1_DSCF1142.JPG,3648,2736,green,688,1363,1407,1799
x2_DSCF1013.JPG,3648,2736,green,1212,1713,1672,1924
x2_DSCF1013.JPG,3648,2736,yellow,1714,1654,2162,1888
x2_DSCF1013.JPG,3648,2736,white,2201,1614,2635,1851
x2_DSCF1013.JPG,3648,2736,gray,1278,1856,1746,2097
x2_DSCF1013.JPG,3648,2736,blue,1814,1835,2273,2074
x2_DSCF1013.JPG,3648,2736,red,2311,1792,2759,2030
x2_DSCF1015.JPG,3648,2736,white,743,1341,1940,2234
x2_DSCF1015.JPG,3648,2736,red,2019,1003,3145,1741
x2_DSCF1016.JPG,3648,2736,gray,1568,1830,2797,2459
x2_DSCF1016.JPG,3648,2736,red,788,1258,1914,1833
x2_DSCF1016.JPG,3648,2736,white,431,702,1504,1348
x2_DSCF1017.JPG,3648,2736,gray,1765,675,2537,1087
x2_DSCF1021.JPG,3648,2736,blue,651,839,1440,1420
x2_DSCF1023.JPG,3648,2736,yellow,960,1347,1704,1876
x2_DSCF1025.JPG,3648,2736,red,1350,1582,2521,2309
x2_DSCF1029.JPG,3648,2736,red,138,1802,1502,2621
x2_DSCF1029.JPG,3648,2736,yellow,1551,1195,2762,2121
x2_DSCF1029.JPG,3648,2736,green,2714,936,3618,1826
x2_DSCF1032.JPG,3648,2736,blue,251,1257,1089,1772
x2_DSCF1032.JPG,3648,2736,red,1987,1241,2769,1744
x2_DSCF1037.JPG,3648,2736,green,997,1622,2194,2239
x2_DSCF1038.JPG,3648,2736,yellow,1190,1556,2915,2268
x2_DSCF1040.JPG,3648,2736,yellow,1899,2094,2716,2715
x2_DSCF1040.JPG,3648,2736,green,1205,2078,1934,2639
x2_DSCF1040.JPG,3648,2736,gray,592,2072,1252,2611
x2_DSCF1042.JPG,3648,2736,blue,665,1847,1568,2404
x2_DSCF1044.JPG,3648,2736,red,1372,1190,2243,1717
x2_DSCF1048.JPG,3648,2736,gray,554,1374,1306,1725
x2_DSCF1048.JPG,3648,2736,blue,1714,1320,2465,1651
x2_DSCF1048.JPG,3648,2736,white,2829,1230,3563,1577
x2_DSCF1049.JPG,3648,2736,gray,631,992,1547,1395
x2_DSCF1049.JPG,3648,2736,blue,2011,1217,2872,1626
x2_DSCF1049.JPG,3648,2736,white,3174,1415,3555,1764
x2_DSCF1050.JPG,3648,2736,blue,2645,857,3498,1253
x2_DSCF1050.JPG,3648,2736,white,1268,851,2150,1248
x2_DSCF1053.JPG,3648,2736,green,834,1778,1744,2382
x2_DSCF1053.JPG,3648,2736,red,1808,1758,2724,2370
x2_DSCF1056.JPG,3648,2736,yellow,594,883,2031,1489
x2_DSCF1056.JPG,3648,2736,red,1991,909,3413,1542
x2_DSCF1059.JPG,3648,2736,yellow,1337,916,2525,1575
x2_DSCF1061.JPG,3648,2736,red,455,1523,1707,2268
x2_DSCF1061.JPG,3648,2736,yellow,1107,1121,2159,1716
x2_DSCF1064.JPG,3648,2736,white,533,325,1438,751
x2_DSCF1064.JPG,3648,2736,yellow,2386,586,3419,1062
x2_DSCF1065.JPG,3648,2736,blue,2115,1146,2911,1490
x2_DSCF1065.JPG,3648,2736,green,748,985,1500,1328
x2_DSCF1066.JPG,3648,2736,green,1809,1008,2482,1318
x2_DSCF1066.JPG,3648,2736,blue,941,1039,1591,1339
x2_DSCF1068.JPG,3648,2736,blue,864,364,2226,900
x2_DSCF1068.JPG,3648,2736,green,2518,1610,3518,2166
x2_DSCF1070.JPG,3648,2736,yellow,1323,1425,2167,2014
x2_DSCF1070.JPG,3648,2736,red,1273,1003,1997,1532
x2_DSCF1072.JPG,3648,2736,white,825,1106,1762,1609
x2_DSCF1072.JPG,3648,2736,yellow,1947,1302,2934,1793
x2_DSCF1074.JPG,3648,2736,yellow,1239,1461,3221,2543
x2_DSCF1077.JPG,3648,2736,red,1801,1033,2691,1533
x2_DSCF1077.JPG,3648,2736,green,706,1070,1615,1573
x2_DSCF1081.JPG,3648,2736,gray,1648,1471,2440,1931
x2_DSCF1082.JPG,3648,2736,blue,1966,487,3048,931
x2_DSCF1082.JPG,3648,2736,gray,736,494,1805,944
x2_DSCF1086.JPG,3648,2736,gray,603,861,1102,1145
x2_DSCF1086.JPG,3648,2736,yellow,1212,843,1707,1131
x2_DSCF1086.JPG,3648,2736,green,1782,857,2270,1151
x2_DSCF1086.JPG,3648,2736,white,2349,831,2844,1137
x2_DSCF1088.JPG,3648,2736,blue,1330,498,2172,967
x2_DSCF1088.JPG,3648,2736,yellow,1433,1662,2131,2073
x2_DSCF1090.JPG,3648,2736,green,2054,891,2778,1306
x2_DSCF1092.JPG,3648,2736,gray,2696,1135,3554,1634
x2_DSCF1092.JPG,3648,2736,blue,1354,1374,2377,1860
x2_DSCF1092.JPG,3648,2736,white,541,972,1408,1442
x2_DSCF1094.JPG,3648,2736,gray,1293,1015,2214,1591
x2_DSCF1097.JPG,3648,2736,blue,1200,664,2347,1322
x2_DSCF1099.JPG,3648,2736,red,1579,670,2814,1346
x2_DSCF1101.JPG,3648,2736,yellow,886,925,1617,1358
x2_DSCF1103.JPG,3648,2736,red,1177,441,1730,732
x2_DSCF1103.JPG,3648,2736,blue,1354,1518,2037,1936
x2_DSCF1104.JPG,3648,2736,blue,1836,610,2570,1006
x2_DSCF1104.JPG,3648,2736,green,1789,2100,2624,2611
x2_DSCF1105.JPG,3648,2736,yellow,1339,1207,2768,2105
x2_DSCF1106.JPG,3648,2736,yellow,1283,1082,2487,1714
x2_DSCF1109.JPG,3648,2736,white,1086,760,2276,1325
x2_DSCF1110.JPG,3648,2736,white,662,740,1734,1393
x2_DSCF1110.JPG,3648,2736,green,1757,793,2842,1436
x2_DSCF1111.JPG,3648,2736,red,2206,827,3405,1376
x2_DSCF1111.JPG,3648,2736,yellow,806,832,2028,1388
x2_DSCF1114.JPG,3648,2736,red,1334,1117,2478,1601
x2_DSCF1116.JPG,3648,2736,blue,1449,1427,2369,1941
x2_DSCF1120.JPG,3648,2736,white,1247,1356,2712,2113
x2_DSCF1122.JPG,3648,2736,blue,1258,1121,2115,1766
x2_DSCF1125.JPG,3648,2736,green,1115,862,1846,1249
x2_DSCF1125.JPG,3648,2736,red,1370,1289,2278,1740
x2_DSCF1125.JPG,3648,2736,yellow,2668,1173,3551,1604
x2_DSCF1129.JPG,3648,2736,red,1547,1952,2407,2520
x2_DSCF1130.JPG,3648,2736,green,1667,1977,2535,2532
x2_DSCF1132.JPG,3648,2736,green,2741,887,3228,1108
x2_DSCF1132.JPG,3648,2736,gray,2272,1128,3161,1590
x2_DSCF1132.JPG,3648,2736,blue,179,1468,1579,2122
x2_DSCF1133.JPG,3648,2736,green,1233,1227,2440,2100
x2_DSCF1135.JPG,3648,2736,red,1404,1121,2080,1454
x2_DSCF1137.JPG,3648,2736,yellow,806,1001,1524,1423
x2_DSCF1140.JPG,3648,2736,red,1841,595,2686,891
x2_DSCF1141.JPG,3648,2736,yellow,2039,575,2883,814
x2_DSCF1142.JPG,3648,2736,yellow,829,1305,1563,1728
x2_DSCF1142.JPG,3648,2736,green,1692,1301,2419,1724
x3_DSCF1013.JPG,3648,2736,green,1479,1780,2038,1994
x3_DSCF1013.JPG,3648,2736,yellow,2093,1709,2639,1947
x3_DSCF1013.JPG,3648,2736,white,2689,1656,3218,1899
x3_DSCF1013.JPG,3648,2736,gray,1562,1929,2133,2175
x3_DSCF1013.JPG,3648,2736,blue,2222,1897,2780,2139
x3_DSCF1013.JPG,3648,2736,red,2830,1842,3376,2084
x3_DSCF1015.JPG,3648,2736,white,1873,1192,3091,1985
x3_DSCF1015.JPG,3648,2736,red,519,891,1671,1547
x3_DSCF1016.JPG,3648,2736,gray,1203,1661,2370,2236
x3_DSCF1016.JPG,3648,2736,red,2063,1187,3133,1713
x3_DSCF1016.JPG,3648,2736,white,2473,703,3493,1293
x3_DSCF1017.JPG,3648,2736,gray,1766,774,2512,1243
x3_DSCF1021.JPG,3648,2736,blue,1820,754,2652,1291
x3_DSCF1023.JPG,3648,2736,yellow,848,1370,1535,1908
x3_DSCF1025.JPG,3648,2736,red,1004,1533,2285,2228
x3_DSCF1029.JPG,3648,2736,red,2003,1920,3161,2712
x3_DSCF1029.JPG,3648,2736,yellow,974,1269,2010,2251
x3_DSCF1029.JPG,3648,2736,green,73,990,1051,1937
x3_DSCF1032.JPG,3648,2736,blue,2743,1237,3638,1723
x3_DSCF1032.JPG,3648,2736,red,436,1170,1434,1645
x3_DSCF1037.JPG,3648,2736,green,1150,1970,2764,2712
x3_DSCF1038.JPG,3648,2736,yellow,617,1505,2132,2193
x3_DSCF1040.JPG,3648,2736,yellow,2250,1898,3276,2472
x3_DSCF1040.JPG,3648,2736,green,1369,1870,2285,2377
x3_DSCF1040.JPG,3648,2736,gray,590,1853,1417,2340
x3_DSCF1042.JPG,3648,2736,blue,548,1482,1391,1935
x3_DSCF1044.JPG,3648,2736,red,1212,1042,2094,1508
x3_DSCF1048.JPG,3648,2736,gray,567,967,1274,1229
x3_DSCF1048.JPG,3648,2736,blue,1661,958,2367,1206
x3_DSCF1048.JPG,3648,2736,white,2712,923,3458,1183
x3_DSCF1049.JPG,3648,2736,gray,580,890,1501,1238
x3_DSCF1049.JPG,3648,2736,blue,2012,1023,2877,1377
x3_DSCF1049.JPG,3648,2736,white,3217,1153,3609,1455
x3_DSCF1050.JPG,3648,2736,blue,2394,742,3199,1090
x3_DSCF1050.JPG,3648,2736,white,1122,754,1916,1102
x3_DSCF1053.JPG,3648,2736,green,1125,1275,2276,1713
x3_DSCF1053.JPG,3648,2736,red,2320,1238,3480,1681
x3_DSCF1056.JPG,3648,2736,yellow,1939,883,3162,1466
x3_DSCF1056.JPG,3648,2736,red,752,874,1962,1484
x3_DSCF1059.JPG,3648,2736,yellow,1093,877,1992,1502
x3_DSCF1061.JPG,3648,2736,red,2011,1475,3491,2209
x3_DSCF1061.JPG,3648,2736,yellow,1469,1090,2710,1676
x3_DSCF1064.JPG,3648,2736,white,2534,369,3403,905
x3_DSCF1064.JPG,3648,2736,yellow,635,762,1627,1359
x3_DSCF1065.JPG,3648,2736,blue,685,1067,1413,1397
x3_DSCF1065.JPG,3648,2736,green,1997,975,2685,1304
x3_DSCF1066.JPG,3648,2736,green,1778,1054,2435,1376
x3_DSCF1066.JPG,3648,2736,blue,908,1082,1545,1394
x3_DSCF1068.JPG,3648,2736,blue,684,329,1882,810
x3_DSCF1068.JPG,3648,2736,green,2258,1472,3134,1978
x3_DSCF1070.JPG,3648,2736,yellow,1407,1297,2292,1844
x3_DSCF1070.JPG,3648,2736,red,1337,929,2094,1418
x3_DSCF1072.JPG,3648,2736,white,753,1007,1612,1462
x3_DSCF1072.JPG,3648,2736,yellow,1801,1172,2706,1617
x3_DSCF1074.JPG,3648,2736,yellow,1106,1356,2847,2369
x3_DSCF1077.JPG,3648,2736,red,1809,1251,2710,1857
x3_DSCF1077.JPG,3648,2736,green,680,1302,1599,1911
x3_DSCF1081.JPG,3648,2736,gray,1265,1288,1871,1688
x3_DSCF1082.JPG,3648,2736,blue,1431,687,2223,1316
x3_DSCF1082.JPG,3648,2736,gray,572,703,1358,1341
x3_DSCF1086.JPG,3648,2736,gray,2597,1000,3276,1335
x3_DSCF1086.JPG,3648,2736,yellow,1779,975,2451,1314
x3_DSCF1086.JPG,3648,2736,green,1017,988,1680,1335
x3_DSCF1086.JPG,3648,2736,white,240,954,913,1316
x3_DSCF1088.JPG,3648,2736,blue,1648,465,2412,911
x3_DSCF1088.JPG,3648,2736,yellow,1598,1607,2232,1998
x3_DSCF1090.JPG,3648,2736,green,1641,884,2210,1301
x3_DSCF1092.JPG,3648,2736,gray,2064,1378,2833,1949
x3_DSCF1092.JPG,3648,2736,blue,1016,1584,1803,2133
x3_DSCF1092.JPG,3648,2736,white,414,1062,1082,1596
x3_DSCF1094.JPG,3648,2736,gray,1328,1204,2362,1889
x3_DSCF1097.JPG,3648,2736,blue,1502,685,2779,1365
x3_DSCF1099.JPG,3648,2736,red,1449,472,2500,943
x3_DSCF1101.JPG,3648,2736,yellow,1616,872,2472,1283
x3_DSCF1103.JPG,3648,2736,red,1485,589,2182,979
x3_DSCF1103.JPG,3648,2736,blue,1688,2028,2547,2587
x3_DSCF1104.JPG,3648,2736,blue,1732,423,2419,701
x3_DSCF1104.JPG,3648,2736,green,1645,1493,2423,1853
x3_DSCF1105.JPG,3648,2736,yellow,1189,1160,2590,2039
x3_DSCF1106.JPG,3648,2736,yellow,1212,1177,2289,1861
x3_DSCF1109.JPG,3648,2736,white,1377,888,2505,1554
x3_DSCF1110.JPG,3648,2736,white,762,647,2021,1218
x3_DSCF1110.JPG,3648,2736,green,2072,689,3348,1250
x3_DSCF1111.JPG,3648,2736,red,1689,813,2592,1360
x3_DSCF1111.JPG,3648,2736,yellow,673,850,1594,1403
x3_DSCF1114.JPG,3648,2736,red,1156,997,2153,1441
x3_DSCF1116.JPG,3648,2736,blue,1067,1352,2021,1839
x3_DSCF1120.JPG,3648,2736,white,1045,1025,2288,1598
x3_DSCF1122.JPG,3648,2736,blue,1415,1113,2377,1753
x3_DSCF1125.JPG,3648,2736,green,1970,788,2590,1134
x3_DSCF1125.JPG,3648,2736,red,1585,1146,2355,1549
x3_DSCF1125.JPG,3648,2736,yellow,544,1004,1292,1389
x3_DSCF1129.JPG,3648,2736,red,1630,1626,2549,2099
x3_DSCF1130.JPG,3648,2736,green,1642,1383,2526,1783
x3_DSCF1132.JPG,3648,2736,green,2397,1046,2824,1304
x3_DSCF1132.JPG,3648,2736,gray,1983,1320,2763,1860
x3_DSCF1132.JPG,3648,2736,blue,155,1696,1381,2461
x3_DSCF1133.JPG,3648,2736,green,1242,1411,2311,2411
x3_DSCF1135.JPG,3648,2736,red,1448,1238,2143,1606
x3_DSCF1137.JPG,3648,2736,yellow,929,1285,1771,1830
x3_DSCF1140.JPG,3648,2736,red,1036,675,1749,995
x3_DSCF1141.JPG,3648,2736,yellow,911,577,1558,816
x3_DSCF1142.JPG,3648,2736,yellow,826,1117,1546,1494
x3_DSCF1142.JPG,3648,2736,green,1667,1157,2379,1534
x4_DSCF1013.JPG,3648,2736,green,1881,1765,2356,1980
x4_DSCF1013.JPG,3648,2736,yellow,1381,1682,1846,1920
x4_DSCF1013.JPG,3648,2736,white,899,1618,1350,1860
x4_DSCF1013.JPG,3648,2736,gray,1793,1909,2280,2155
x4_DSCF1013.JPG,3648,2736,blue,1255,1863,1731,2105
x4_DSCF1013.JPG,3648,2736,red,760,1795,1225,2037
x4_DSCF1015.JPG,3648,2736,white,1739,1272,2888,2139
x4_DSCF1015.JPG,3648,2736,red,510,1019,1592,1739
x4_DSCF1016.JPG,3648,2736,gray,986,1671,1909,2234
x4_DSCF1016.JPG,3648,2736,red,1632,1156,2477,1672
x4_DSCF1016.JPG,3648,2736,white,1928,653,2735,1233
x4_DSCF1017.JPG,3648,2736,gray,1899,803,2717,1293
x4_DSCF1021.JPG,3648,2736,blue,816,857,1799,1492
x4_DSCF1023.JPG,3648,2736,yellow,2138,1227,3017,1712
x4_DSCF1025.JPG,3648,2736,red,1190,1621,2216,2363
x4_DSCF1029.JPG,3648,2736,red,2008,1561,3137,2274
x4_DSCF1029.JPG,3648,2736,yellow,968,1046,1972,1852
x4_DSCF1029.JPG,3648,2736,green,66,831,1013,1607
x4_DSCF1032.JPG,3648,2736,blue,2826,1061,3538,1485
x4_DSCF1032.JPG,3648,2736,red,516,1025,1545,1444
x4_DSCF1037.JPG,3648,2736,green,805,1483,2004,2044
x4_DSCF1038.JPG,3648,2736,yellow,743,1525,2428,2238
x4_DSCF1040.JPG,3648,2736,yellow,562,1574,1679,2060
x4_DSCF1040.JPG,3648,2736,green,1672,1568,2668,1997
x4_DSCF1040.JPG,3648,2736,gray,2642,1570,3541,1981
x4_DSCF1042.JPG,3648,2736,blue,2358,1857,3553,2428
x4_DSCF1044.JPG,3648,2736,red,1394,1131,2424,1626
x4_DSCF1048.JPG,3648,2736,gray,2318,1258,2924,1579
x4_DSCF1048.JPG,3648,2736,blue,1398,1198,2003,1500
x4_DSCF1048.JPG,3648,2736,white,480,1105,1118,1423
x4_DSCF1049.JPG,3648,2736,gray,557,963,1421,1338
x4_DSCF1049.JPG,3648,2736,blue,1894,1115,2705,1496
x4_DSCF1049.JPG,3648,2736,white,3017,1255,3607,1587
x4_DSCF1050.JPG,3648,2736,blue,469,849,1191,1251
x4_DSCF1050.JPG,3648,2736,white,1612,883,2324,1285
x4_DSCF1053.JPG,3648,2736,green,1067,1781,2211,2395
x4_DSCF1053.JPG,3648,2736,red,2251,1722,3403,2344
x4_DSCF1056.JPG,3648,2736,yellow,1929,1052,3158,1747
x4_DSCF1056.JPG,3648,2736,red,758,1036,1974,1763
x4_DSCF1059.JPG,3648,2736,yellow,1187,921,2164,1578
x4_DSCF1061.JPG,3648,2736,red,520,1823,1970,2713
x4_DSCF1061.JPG,3648,2736,yellow,1268,1341,2487,2053
x4_DSCF1064.JPG,3648,2736,white,413,380,1166,912
x4_DSCF1064.JPG,3648,2736,yellow,1932,756,2792,1349
x4_DSCF1065.JPG,3648,2736,blue,2309,928,3163,1210
x4_DSCF1065.JPG,3648,2736,green,837,778,1645,1058
x4_DSCF1066.JPG,3648,2736,green,1042,932,1717,1219
x4_DSCF1066.JPG,3648,2736,blue,1957,957,2610,1235
x4_DSCF1068.JPG,3648,2736,blue,667,371,1757,919
x4_DSCF1068.JPG,3648,2736,green,2062,1639,2870,2205
x4_DSCF1070.JPG,3648,2736,yellow,1141,1290,2255,1835
x4_DSCF1070.JPG,3648,2736,red,1364,911,2317,1398
x4_DSCF1072.JPG,3648,2736,white,721,1315,1553,1908
x4_DSCF1072.JPG,3648,2736,yellow,1689,1554,2564,2132
x4_DSCF1074.JPG,3648,2736,yellow,1130,1525,2804,2658
x4_DSCF1077.JPG,3648,2736,red,2488,1341,3593,1997
x4_DSCF1077.JPG,3648,2736,green,978,1413,2240,2074
x4_DSCF1081.JPG,3648,2736,gray,1310,1229,1937,1612
x4_DSCF1082.JPG,3648,2736,blue,1451,682,2284,1301
x4_DSCF1082.JPG,3648,2736,gray,552,688,1377,1316
x4_DSCF1086.JPG,3648,2736,gray,2247,1094,2839,1465
x4_DSCF1086.JPG,3648,2736,yellow,1562,1081,2149,1456
x4_DSCF1086.JPG,3648,2736,green,920,1111,1500,1494
x4_DSCF1086.JPG,3648,2736,white,270,1086,858,1487
x4_DSCF1088.JPG,3648,2736,blue,1510,457,2207,885
x4_DSCF1088.JPG,3648,2736,yellow,1465,1528,2045,1902
x4_DSCF1090.JPG,3648,2736,green,1728,876,2336,1290
x4_DSCF1092.JPG,3648,2736,gray,435,1063,1160,1524
x4_DSCF1092.JPG,3648,2736,blue,1400,1280,2142,1723
x4_DSCF1092.JPG,3648,2736,white,2056,900,2688,1330
x4_DSCF1094.JPG,3648,2736,gray,1618,1166,2781,1825
x4_DSCF1097.JPG,3648,2736,blue,1350,519,2530,1034
x4_DSCF1099.JPG,3648,2736,red,1061,511,2106,1030
x4_DSCF1101.JPG,3648,2736,yellow,930,1065,1750,1565
x4_DSCF1103.JPG,3648,2736,red,1346,524,1987,861
x4_DSCF1103.JPG,3648,2736,blue,1205,1723,2000,2205
x4_DSCF1104.JPG,3648,2736,blue,1334,402,2042,670
x4_DSCF1104.JPG,3648,2736,green,1296,1446,2099,1793
x4_DSCF1105.JPG,3648,2736,yellow,973,926,2105,1614
x4_DSCF1106.JPG,3648,2736,yellow,1245,1106,2339,1750
x4_DSCF1109.JPG,3648,2736,white,1247,964,2274,1678
x4_DSCF1110.JPG,3648,2736,white,2142,702,3509,1306
x4_DSCF1110.JPG,3648,2736,green,687,702,2071,1296
x4_DSCF1111.JPG,3648,2736,red,821,705,1920,1176
x4_DSCF1111.JPG,3648,2736,yellow,2061,715,3180,1192
x4_DSCF1114.JPG,3648,2736,red,1255,1376,2338,1986
x4_DSCF1116.JPG,3648,2736,blue,1695,1694,2816,2310
x4_DSCF1120.JPG,3648,2736,white,1404,1043,2888,1625
x4_DSCF1122.JPG,3648,2736,blue,1261,814,2105,1282
x4_DSCF1125.JPG,3648,2736,green,1133,762,1864,1107
x4_DSCF1125.JPG,3648,2736,red,1388,1136,2297,1538
x4_DSCF1125.JPG,3648,2736,yellow,2677,1050,3534,1434
x4_DSCF1129.JPG,3648,2736,red,1543,2010,2416,2591
x4_DSCF1130.JPG,3648,2736,green,1316,2013,1989,2568
x4_DSCF1132.JPG,3648,2736,green,2336,992,2749,1235
x4_DSCF1132.JPG,3648,2736,gray,1917,1239,2677,1745
x4_DSCF1132.JPG,3648,2736,blue,177,1559,1366,2278
x4_DSCF1133.JPG,3648,2736,green,1216,1001,2227,1711
x4_DSCF1135.JPG,3648,2736,red,1482,1288,1977,1664
x4_DSCF1137.JPG,3648,2736,yellow,2048,1198,2972,1711
x4_DSCF1140.JPG,3648,2736,red,1479,522,2153,772
x4_DSCF1141.JPG,3648,2736,yellow,1083,686,1818,970
x4_DSCF1142.JPG,3648,2736,yellow,1549,1144,2283,1521
x4_DSCF1142.JPG,3648,2736,green,666,1125,1394,1502
x5_DSCF1013.JPG,3648,2736,green,1630,1902,2027,2130
x5_DSCF1013.JPG,3648,2736,yellow,1203,1819,1589,2073
x5_DSCF1013.JPG,3648,2736,white,791,1756,1167,2014
x5_DSCF1013.JPG,3648,2736,gray,1580,2060,1985,2322
x5_DSCF1013.JPG,3648,2736,blue,1123,2019,1518,2277
x5_DSCF1013.JPG,3648,2736,red,699,1952,1087,2211
x5_DSCF1015.JPG,3648,2736,white,1660,1176,2743,1957
x5_DSCF1015.JPG,3648,2736,red,499,875,1518,1522
x5_DSCF1016.JPG,3648,2736,gray,1037,1619,2056,2177
x5_DSCF1016.JPG,3648,2736,red,1798,1153,2731,1663
x5_DSCF1016.JPG,3648,2736,white,2163,679,3052,1252
x5_DSCF1017.JPG,3648,2736,gray,1703,782,2427,1256
x5_DSCF1021.JPG,3648,2736,blue,760,840,1674,1444
x5_DSCF1023.JPG,3648,2736,yellow,1694,1113,2386,1545
x5_DSCF1025.JPG,3648,2736,red,928,1604,2079,2343
x5_DSCF1029.JPG,3648,2736,red,2442,1610,3610,2328
x5_DSCF1029.JPG,3648,2736,yellow,1177,1041,2411,1856
x5_DSCF1029.JPG,3648,2736,green,67,779,1231,1564
x5_DSCF1032.JPG,3648,2736,blue,2105,1292,2936,1795
x5_DSCF1032.JPG,3648,2736,red,403,1172,1180,1662
x5_DSCF1037.JPG,3648,2736,green,1261,1874,2823,2591
x5_DSCF1038.JPG,3648,2736,yellow,1301,1800,3066,2629
x5_DSCF1040.JPG,3648,2736,yellow,552,1530,1630,1998
x5_DSCF1040.JPG,3648,2736,green,1612,1499,2573,1912
x5_DSCF1040.JPG,3648,2736,gray,2537,1478,3406,1873
x5_DSCF1042.JPG,3648,2736,blue,722,1471,1890,1937
x5_DSCF1044.JPG,3648,2736,red,1148,1290,1995,1856
x5_DSCF1048.JPG,3648,2736,gray,550,1232,1219,1561
x5_DSCF1048.JPG,3648,2736,blue,1558,1212,2225,1522
x5_DSCF1048.JPG,3648,2736,white,2525,1158,3231,1484
x5_DSCF1049.JPG,3648,2736,gray,503,929,1243,1293
x5_DSCF1049.JPG,3648,2736,blue,1631,1114,2326,1484
x5_DSCF1049.JPG,3648,2736,white,2580,1277,3241,1602
x5_DSCF1050.JPG,3648,2736,blue,508,800,1267,1194
x5_DSCF1050.JPG,3648,2736,white,1705,868,2453,1261
x5_DSCF1053.JPG,3648,2736,green,1998,1462,3137,1969
x5_DSCF1053.JPG,3648,2736,red,810,1456,1958,1970
x5_DSCF1056.JPG,3648,2736,yellow,587,1089,1996,1813
x5_DSCF1056.JPG,3648,2736,red,1936,1066,3331,1823
x5_DSCF1059.JPG,3648,2736,yellow,1170,983,2214,1681
x5_DSCF1061.JPG,3648,2736,red,532,1943,1983,2730
x5_DSCF1061.JPG,3648,2736,yellow,1275,1417,2499,2169
x5_DSCF1064.JPG,3648,2736,white,562,335,1300,826
x5_DSCF1064.JPG,3648,2736,yellow,1962,726,2803,1274
x5_DSCF1065.JPG,3648,2736,blue,716,1244,1486,1616
x5_DSCF1065.JPG,3648,2736,green,2092,1072,2819,1443
x5_DSCF1066.JPG,3648,2736,green,1186,1202,1992,1567
x5_DSCF1066.JPG,3648,2736,blue,2284,1170,3065,1524
x5_DSCF1068.JPG,3648,2736,blue,820,338,2203,838
x5_DSCF1068.JPG,3648,2736,green,2627,1496,3560,2011
x5_DSCF1070.JPG,3648,2736,yellow,1776,1275,2892,1806
x5_DSCF1070.JPG,3648,2736,red,1670,898,2625,1374
x5_DSCF1072.JPG,3648,2736,white,2176,1040,3178,1523
x5_DSCF1072.JPG,3648,2736,yellow,871,1274,1929,1745
x5_DSCF1074.JPG,3648,2736,yellow,1241,1349,3176,2361
x5_DSCF1077.JPG,3648,2736,red,299,1367,1332,2028
x5_DSCF1077.JPG,3648,2736,green,1587,1423,2641,2088
x5_DSCF1081.JPG,3648,2736,gray,1616,1493,2388,1964
x5_DSCF1082.JPG,3648,2736,blue,1370,511,2143,975
x5_DSCF1082.JPG,3648,2736,gray,482,542,1247,1013
x5_DSCF1086.JPG,3648,2736,gray,2710,867,3416,1157
x5_DSCF1086.JPG,3648,2736,yellow,1860,841,2556,1134
x5_DSCF1086.JPG,3648,2736,green,1066,848,1754,1147
x5_DSCF1086.JPG,3648,2736,white,257,814,955,1126
x5_DSCF1088.JPG,3648,2736,blue,1780,536,2625,1034
x5_DSCF1088.JPG,3648,2736,yellow,1753,1774,2454,2210
x5_DSCF1090.JPG,3648,2736,green,1756,691,2375,1018
x5_DSCF1092.JPG,3648,2736,gray,457,1455,1321,2059
x5_DSCF1092.JPG,3648,2736,blue,1617,1683,2503,2263
x5_DSCF1092.JPG,3648,2736,white,2438,1131,3191,1695
x5_DSCF1094.JPG,3648,2736,gray,1441,967,2535,1527
x5_DSCF1097.JPG,3648,2736,blue,1043,530,2069,1055
x5_DSCF1099.JPG,3648,2736,red,1537,537,2743,1079
x5_DSCF1101.JPG,3648,2736,yellow,1925,894,2949,1336
x5_DSCF1103.JPG,3648,2736,red,1429,467,2083,770
x5_DSCF1103.JPG,3648,2736,blue,1553,1546,2359,1979
x5_DSCF1104.JPG,3648,2736,blue,1475,518,2286,862
x5_DSCF1104.JPG,3648,2736,green,1510,1785,2429,2227
x5_DSCF1105.JPG,3648,2736,yellow,1380,1050,2833,1840
x5_DSCF1106.JPG,3648,2736,yellow,1052,1162,2029,1843
x5_DSCF1109.JPG,3648,2736,white,1476,703,2682,1241
x5_DSCF1110.JPG,3648,2736,white,684,661,1690,1252
x5_DSCF1110.JPG,3648,2736,green,1701,723,2719,1304
x5_DSCF1111.JPG,3648,2736,red,2055,729,3166,1207
x5_DSCF1111.JPG,3648,2736,yellow,779,703,1911,1188
x5_DSCF1114.JPG,3648,2736,red,1746,1139,2863,1639
x5_DSCF1116.JPG,3648,2736,blue,1765,1205,2889,1655
x5_DSCF1120.JPG,3648,2736,white,1438,1057,2920,1657
x5_DSCF1122.JPG,3648,2736,blue,1712,845,2871,1329
x5_DSCF1125.JPG,3648,2736,green,1757,764,2313,1105
x5_DSCF1125.JPG,3648,2736,red,1422,1140,2113,1536
x5_DSCF1125.JPG,3648,2736,yellow,479,1039,1149,1418
x5_DSCF1129.JPG,3648,2736,red,1687,2016,2601,2593
x5_DSCF1130.JPG,3648,2736,green,1445,1522,2135,1946
x5_DSCF1132.JPG,3648,2736,green,2208,1194,2610,1487
x5_DSCF1132.JPG,3648,2736,gray,1865,1489,2607,2098
x5_DSCF1132.JPG,3648,2736,blue,295,1871,1445,2667
x5_DSCF1133.JPG,3648,2736,green,1596,1258,2933,2165
x5_DSCF1135.JPG,3648,2736,red,1475,1051,2167,1359
x5_DSCF1137.JPG,3648,2736,yellow,1953,1071,2835,1529
x5_DSCF1140.JPG,3648,2736,red,936,647,1561,960
x5_DSCF1141.JPG,3648,2736,yellow,863,600,1473,848
x5_DSCF1142.JPG,3648,2736,yellow,1045,1340,2020,1786
x5_DSCF1142.JPG,3648,2736,green,2205,1375,3172,1821
x6_DSCF1013.JPG,3648,2736,green,1409,1612,1960,1809
x6_DSCF1013.JPG,3648,2736,yellow,2019,1554,2556,1773
x6_DSCF1013.JPG,3648,2736,white,2610,1513,3130,1735
x6_DSCF1013.JPG,3648,2736,gray,1468,1747,2029,1973
x6_DSCF1013.JPG,3648,2736,blue,2117,1725,2666,1947
x6_DSCF1013.JPG,3648,2736,red,2719,1681,3257,1903
x6_DSCF1015.JPG,3648,2736,white,665,1121,1804,1875
x6_DSCF1015.JPG,3648,2736,red,1975,871,3048,1494
x6_DSCF1016.JPG,3648,2736,gray,1158,2094,2402,2718
x6_DSCF1016.JPG,3648,2736,red,2154,1472,3297,2122
x6_DSCF1016.JPG,3648,2736,white,2659,848,3604,1577
x6_DSCF1017.JPG,3648,2736,gray,1166,606,1983,972
x6_DSCF1021.JPG,3648,2736,blue,2232,769,3265,1324
x6_DSCF1023.JPG,3648,2736,yellow,1615,1194,2280,1657
x6_DSCF1025.JPG,3648,2736,red,1390,1767,2593,2587
x6_DSCF1029.JPG,3648,2736,red,141,1542,1489,2229
x6_DSCF1029.JPG,3648,2736,yellow,1545,1007,2738,1788
x6_DSCF1029.JPG,3648,2736,green,2703,773,3638,1526
x6_DSCF1032.JPG,3648,2736,blue,2584,935,3574,1328
x6_DSCF1032.JPG,3648,2736,red,471,940,1406,1322
x6_DSCF1037.JPG,3648,2736,green,895,2003,2213,2729
x6_DSCF1038.JPG,3648,2736,yellow,873,1970,2937,2718
x6_DSCF1040.JPG,3648,2736,yellow,485,1491,1482,1940
x6_DSCF1040.JPG,3648,2736,green,1482,1471,2372,1868
x6_DSCF1040.JPG,3648,2736,gray,2352,1460,3156,1842
x6_DSCF1042.JPG,3648,2736,blue,2009,1565,3005,2045
x6_DSCF1044.JPG,3648,2736,red,1287,1361,2269,1965
x6_DSCF1048.JPG,3648,2736,gray,532,1082,1199,1375
x6_DSCF1048.JPG,3648,2736,blue,1557,1072,2222,1349
x6_DSCF1048.JPG,3648,2736,white,2542,1032,3245,1323
x6_DSCF1049.JPG,3648,2736,gray,604,957,1473,1331
x6_DSCF1049.JPG,3648,2736,blue,1924,1113,2743,1492
x6_DSCF1049.JPG,3648,2736,white,3034,1256,3528,1585
x6_DSCF1050.JPG,3648,2736,blue,2756,630,3600,931
x6_DSCF1050.JPG,3648,2736,white,1329,661,2220,962
x6_DSCF1053.JPG,3648,2736,green,857,1591,1761,2144
x6_DSCF1053.JPG,3648,2736,red,1804,1594,2716,2155
x6_DSCF1056.JPG,3648,2736,yellow,1590,1006,2598,1670
x6_DSCF1056.JPG,3648,2736,red,623,998,1621,1693
x6_DSCF1059.JPG,3648,2736,yellow,1221,984,2306,1685
x6_DSCF1061.JPG,3648,2736,red,585,1864,2128,2719
x6_DSCF1061.JPG,3648,2736,yellow,1363,1356,2661,2093
x6_DSCF1064.JPG,3648,2736,white,579,346,1500,793
x6_DSCF1064.JPG,3648,2736,yellow,2434,604,3486,1103
x6_DSCF1065.JPG,3648,2736,blue,1803,1206,2486,1568
x6_DSCF1065.JPG,3648,2736,green,620,1042,1266,1402
x6_DSCF1066.JPG,3648,2736,green,1582,1191,2172,1546
x6_DSCF1066.JPG,3648,2736,blue,802,1198,1374,1540
x6_DSCF1068.JPG,3648,2736,blue,902,410,2260,1001
x6_DSCF1068.JPG,3648,2736,green,2477,1761,3484,2378
x6_DSCF1070.JPG,3648,2736,yellow,1762,1112,2866,1592
x6_DSCF1070.JPG,3648,2736,red,1678,791,2623,1220
x6_DSCF1072.JPG,3648,2736,white,1628,1085,2379,1582
x6_DSCF1072.JPG,3648,2736,yellow,685,1332,1476,1818
x6_DSCF1074.JPG,3648,2736,yellow,752,1413,2262,2461
x6_DSCF1077.JPG,3648,2736,red,464,1383,1687,2056
x6_DSCF1077.JPG,3648,2736,green,1913,1419,3161,2097
x6_DSCF1081.JPG,3648,2736,gray,1684,1312,2483,1720
x6_DSCF1082.JPG,3648,2736,blue,1024,578,1965,1104
x6_DSCF1082.JPG,3648,2736,gray,2092,585,3023,1119
x6_DSCF1086.JPG,3648,2736,gray,866,967,1509,1303
x6_DSCF1086.JPG,3648,2736,yellow,1618,977,2253,1316
x6_DSCF1086.JPG,3648,2736,green,2314,1022,2943,1370
x6_DSCF1086.JPG,3648,2736,white,3013,1020,3540,1381
x6_DSCF1088.JPG,3648,2736,blue,1569,374,2341,729
x6_DSCF1088.JPG,3648,2736,yellow,1674,1274,2315,1585
x6_DSCF1090.JPG,3648,2736,green,1138,703,1799,1038
x6_DSCF1092.JPG,3648,2736,gray,2083,1234,2852,1750
x6_DSCF1092.JPG,3648,2736,blue,997,1455,1785,1949
x6_DSCF1092.JPG,3648,2736,white,378,987,1043,1470
x6_DSCF1094.JPG,3648,2736,gray,1533,998,2618,1570
x6_DSCF1097.JPG,3648,2736,blue,1349,645,2597,1283
x6_DSCF1099.JPG,3648,2736,red,1120,569,2009,1141
x6_DSCF1101.JPG,3648,2736,yellow,840,893,1572,1318
x6_DSCF1103.JPG,3648,2736,red,1419,629,2094,1037
x6_DSCF1103.JPG,3648,2736,blue,1721,2055,2561,2637
x6_DSCF1104.JPG,3648,2736,blue,1459,504,2015,827
x6_DSCF1104.JPG,3648,2736,green,1336,1716,1968,2132
x6_DSCF1105.JPG,3648,2736,yellow,1060,1072,2321,1877
x6_DSCF1106.JPG,3648,2736,yellow,1068,1139,2007,1807
x6_DSCF1109.JPG,3648,2736,white,1077,846,2263,1473
x6_DSCF1110.JPG,3648,2736,white,754,774,1967,1467
x6_DSCF1110.JPG,3648,2736,green,1993,850,3220,1532
x6_DSCF1111.JPG,3648,2736,red,700,903,1584,1511
x6_DSCF1111.JPG,3648,2736,yellow,1672,926,2572,1542
x6_DSCF1114.JPG,3648,2736,red,1281,951,2395,1366
x6_DSCF1116.JPG,3648,2736,blue,1300,1272,2404,1738
x6_DSCF1120.JPG,3648,2736,white,1270,1289,2782,2011
x6_DSCF1122.JPG,3648,2736,blue,1350,947,2497,1505
x6_DSCF1125.JPG,3648,2736,green,2008,834,2646,1198
x6_DSCF1125.JPG,3648,2736,red,1613,1207,2405,1632
x6_DSCF1125.JPG,3648,2736,yellow,540,1053,1308,1459
x6_DSCF1129.JPG,3648,2736,red,1318,1882,1983,2419
x6_DSCF1130.JPG,3648,2736,green,1215,1713,1844,2191
x6_DSCF1132.JPG,3648,2736,green,493,1118,975,1394
x6_DSCF1132.JPG,3648,2736,gray,582,1405,1468,1979
x6_DSCF1132.JPG,3648,2736,blue,2100,1787,3487,2602
x6_DSCF1133.JPG,3648,2736,green,1188,1285,2356,2202
x6_DSCF1135.JPG,3648,2736,red,1904,1038,2541,1342
x6_DSCF1137.JPG,3648,2736,yellow,1008,1185,1926,1684
x6_DSCF1140.JPG,3648,2736,red,1343,695,2249,1034
x6_DSCF1141.JPG,3648,2736,yellow,1217,712,2003,1019
x6_DSCF1142.JPG,3648,2736,yellow,2168,1190,3199,1584
x6_DSCF1142.JPG,3648,2736,green,922,1169,1945,1562
x7_DSCF1013.JPG,3648,2736,green,1734,1945,2174,2179
x7_DSCF1013.JPG,3648,2736,yellow,1266,1870,1695,2130
x7_DSCF1013.JPG,3648,2736,white,814,1815,1231,2080
x7_DSCF1013.JPG,3648,2736,gray,1660,2108,2108,2376
x7_DSCF1013.JPG,3648,2736,blue,1155,2075,1595,2340
x7_DSCF1013.JPG,3648,2736,red,692,2017,1121,2282
x7_DSCF1015.JPG,3648,2736,white,1634,1348,2694,2255
x7_DSCF1015.JPG,3648,2736,red,495,1067,1492,1818
x7_DSCF1016.JPG,3648,2736,gray,1354,1965,2322,2633
x7_DSCF1016.JPG,3648,2736,red,656,1394,1543,2005
x7_DSCF1016.JPG,3648,2736,white,299,817,1145,1504
x7_DSCF1017.JPG,3648,2736,gray,1634,776,2351,1245
x7_DSCF1021.JPG,3648,2736,blue,1999,878,2937,1509
x7_DSCF1023.JPG,3648,2736,yellow,2231,1200,3149,1666
x7_DSCF1025.JPG,3648,2736,red,1386,1313,2602,1921
x7_DSCF1029.JPG,3648,2736,red,142,1330,1295,1927
x7_DSCF1029.JPG,3648,2736,yellow,1325,874,2345,1552
x7_DSCF1029.JPG,3648,2736,green,2304,677,3267,1330
x7_DSCF1032.JPG,3648,2736,blue,169,1234,1088,1713
x7_DSCF1032.JPG,3648,2736,red,2186,1104,3043,1570
x7_DSCF1037.JPG,3648,2736,green,1271,1663,2648,2320
x7_DSCF1038.JPG,3648,2736,yellow,731,1502,2462,2190
x7_DSCF1040.JPG,3648,2736,yellow,444,1410,1277,1855
x7_DSCF1040.JPG,3648,2736,green,1253,1417,1997,1811
x7_DSCF1040.JPG,3648,2736,gray,1959,1430,2630,1806
x7_DSCF1042.JPG,3648,2736,blue,1988,1781,2948,2334
x7_DSCF1044.JPG,3648,2736,red,1254,1178,2051,1695
x7_DSCF1048.JPG,3648,2736,gray,2814,1029,3526,1316
x7_DSCF1048.JPG,3648,2736,blue,1681,1026,2418,1298
x7_DSCF1048.JPG,3648,2736,white,550,995,1328,1281
x7_DSCF1049.JPG,3648,2736,gray,2281,865,3033,1199
x7_DSCF1049.JPG,3648,2736,blue,1155,1002,1861,1341
x7_DSCF1049.JPG,3648,2736,white,203,1124,877,1423
x7_DSCF1050.JPG,3648,2736,blue,2482,904,3316,1333
x7_DSCF1050.JPG,3648,2736,white,1157,941,1979,1370
x7_DSCF1053.JPG,3648,2736,green,1766,1397,2789,1876
x7_DSCF1053.JPG,3648,2736,red,684,1352,1713,1837
x7_DSCF1056.JPG,3648,2736,yellow,522,844,1786,1403
x7_DSCF1056.JPG,3648,2736,red,1743,814,2993,1398
x7_DSCF1059.JPG,3648,2736,yellow,1124,1023,2122,1756
x7_DSCF1061.JPG,3648,2736,red,457,1334,1610,1978
x7_DSCF1061.JPG,3648,2736,yellow,1057,975,2024,1489
x7_DSCF1064.JPG,3648,2736,white,510,375,1332,844
x7_DSCF1064.JPG,3648,2736,yellow,2165,647,3105,1170
x7_DSCF1065.JPG,3648,2736,blue,1901,890,2621,1157
x7_DSCF1065.JPG,3648,2736,green,626,794,1306,1061
x7_DSCF1066.JPG,3648,2736,green,1761,1137,2410,1478
x7_DSCF1066.JPG,3648,2736,blue,919,1150,1547,1480
x7_DSCF1068.JPG,3648,2736,blue,1805,273,3250,707
x7_DSCF1068.JPG,3648,2736,green,341,1250,1401,1690
x7_DSCF1070.JPG,3648,2736,yellow,1141,1351,2247,1909
x7_DSCF1070.JPG,3648,2736,red,1356,947,2303,1448
x7_DSCF1072.JPG,3648,2736,white,791,1124,1700,1651
x7_DSCF1072.JPG,3648,2736,yellow,1897,1389,2855,1904
x7_DSCF1074.JPG,3648,2736,yellow,697,1387,2306,2437
x7_DSCF1077.JPG,3648,2736,red,1866,1242,2805,1844
x7_DSCF1077.JPG,3648,2736,green,716,1278,1674,1884
x7_DSCF1081.JPG,3648,2736,gray,1202,1437,1779,1881
x7_DSCF1082.JPG,3648,2736,blue,927,530,1797,1001
x7_DSCF1082.JPG,3648,2736,gray,1925,527,2785,1004
x7_DSCF1086.JPG,3648,2736,gray,745,1010,1314,1364
x7_DSCF1086.JPG,3648,2736,yellow,1399,1026,1960,1384
x7_DSCF1086.JPG,3648,2736,green,2010,1079,2566,1445
x7_DSCF1086.JPG,3648,2736,white,2616,1082,3181,1463
x7_DSCF1088.JPG,3648,2736,blue,1108,433,1802,847
x7_DSCF1088.JPG,3648,2736,yellow,1172,1497,1748,1861
x7_DSCF1090.JPG,3648,2736,green,1978,710,2676,1046
x7_DSCF1092.JPG,3648,2736,gray,1953,1107,2677,1567
x7_DSCF1092.JPG,3648,2736,blue,984,1296,1724,1737
x7_DSCF1092.JPG,3648,2736,white,396,874,1024,1305
x7_DSCF1094.JPG,3648,2736,gray,1090,1135,1925,1771
x7_DSCF1097.JPG,3648,2736,blue,1505,538,2820,1082
x7_DSCF1099.JPG,3648,2736,red,961,583,1925,1162
x7_DSCF1101.JPG,3648,2736,yellow,959,998,1788,1466
x7_DSCF1103.JPG,3648,2736,red,1414,462,2084,761
x7_DSCF1103.JPG,3648,2736,blue,1668,1499,2498,1925
x7_DSCF1104.JPG,3648,2736,blue,1935,573,2695,939
x7_DSCF1104.JPG,3648,2736,green,1793,1906,2653,2376
x7_DSCF1105.JPG,3648,2736,yellow,994,1166,2142,2033
x7_DSCF1106.JPG,3648,2736,yellow,1470,1191,2784,1892
x7_DSCF1109.JPG,3648,2736,white,1301,804,2661,1412
x7_DSCF1110.JPG,3648,2736,white,1743,875,2867,1641
x7_DSCF1110.JPG,3648,2736,green,580,918,1717,1671
x7_DSCF1111.JPG,3648,2736,red,1779,704,2752,1179
x7_DSCF1111.JPG,3648,2736,yellow,668,729,1657,1210
x7_DSCF1114.JPG,3648,2736,red,1333,1090,2172,1565
x7_DSCF1116.JPG,3648,2736,blue,1148,1661,2122,2260
x7_DSCF1120.JPG,3648,2736,white,1362,1258,2815,1955
x7_DSCF1122.JPG,3648,2736,blue,1328,1064,2471,1673
x7_DSCF1125.JPG,3648,2736,green,1075,827,1768,1202
x7_DSCF1125.JPG,3648,2736,red,1317,1234,2177,1671
x7_DSCF1125.JPG,3648,2736,yellow,2526,1139,3361,1556
x7_DSCF1129.JPG,3648,2736,red,1327,1473,2035,1893
x7_DSCF1130.JPG,3648,2736,green,1368,1578,2031,2015
x7_DSCF1132.JPG,3648,2736,green,382,1172,774,1460
x7_DSCF1132.JPG,3648,2736,gray,450,1477,1169,2077
x7_DSCF1132.JPG,3648,2736,blue,1695,1891,2819,2715
x7_DSCF1133.JPG,3648,2736,green,1051,1085,2074,1850
x7_DSCF1135.JPG,3648,2736,red,1296,1347,1918,1743
x7_DSCF1137.JPG,3648,2736,yellow,2206,1318,3203,1874
x7_DSCF1140.JPG,3648,2736,red,1311,499,2196,743
x7_DSCF1141.JPG,3648,2736,yellow,1630,641,2341,910
x7_DSCF1142.JPG,3648,2736,yellow,1743,1340,2577,1776
x7_DSCF1142.JPG,3648,2736,green,764,1356,1589,1792
x8_DSCF1013.JPG,3648,2736,green,1055,1355,1445,1520
x8_DSCF1013.JPG,3648,2736,yellow,1478,1304,1859,1487
x8_DSCF1013.JPG,3648,2736,white,1888,1267,2257,1453
x8_DSCF1013.JPG,3648,2736,gray,1114,1469,1513,1658
x8_DSCF1013.JPG,3648,2736,blue,1569,1448,1958,1634
x8_DSCF1013.JPG,3648,2736,red,1987,1408,2368,1594
x8_DSCF1015.JPG,3648,2736,white,688,1343,1961,2262
x8_DSCF1015.JPG,3648,2736,red,2177,1077,3381,1840
x8_DSCF1016.JPG,3648,2736,gray,1612,1983,2788,2647
x8_DSCF1016.JPG,3648,2736,red,773,1372,1851,1980
x8_DSCF1016.JPG,3648,2736,white,352,769,1378,1456
x8_DSCF1017.JPG,3648,2736,gray,829,587,1461,940
x8_DSCF1021.JPG,3648,2736,blue,2158,775,3150,1326
x8_DSCF1023.JPG,3648,2736,yellow,887,995,1585,1388
x8_DSCF1025.JPG,3648,2736,red,880,1432,1974,2085
x8_DSCF1029.JPG,3648,2736,red,226,1615,1616,2372
x8_DSCF1029.JPG,3648,2736,yellow,1600,1097,2841,1948
x8_DSCF1029.JPG,3648,2736,green,2744,887,3571,1696
x8_DSCF1032.JPG,3648,2736,blue,2155,1048,2991,1475
x8_DSCF1032.JPG,3648,2736,red,419,1042,1200,1457
x8_DSCF1037.JPG,3648,2736,green,920,1870,2200,2594
x8_DSCF1038.JPG,3648,2736,yellow,1032,1813,2553,2638
x8_DSCF1040.JPG,3648,2736,yellow,1812,2056,2645,2675
x8_DSCF1040.JPG,3648,2736,green,1122,2059,1867,2622
x8_DSCF1040.JPG,3648,2736,gray,513,2069,1187,2608
x8_DSCF1042.JPG,3648,2736,blue,536,1335,1357,1746
x8_DSCF1044.JPG,3648,2736,red,1419,1002,2305,1444
x8_DSCF1048.JPG,3648,2736,gray,2785,1472,3513,1848
x8_DSCF1048.JPG,3648,2736,blue,1673,1412,2400,1765
x8_DSCF1048.JPG,3648,2736,white,562,1311,1330,1683
x8_DSCF1049.JPG,3648,2736,gray,544,1164,1321,1616
x8_DSCF1049.JPG,3648,2736,blue,1724,1384,2456,1845
x8_DSCF1049.JPG,3648,2736,white,2716,1580,3411,1984
x8_DSCF1050.JPG,3648,2736,blue,2118,821,2831,1221
x8_DSCF1050.JPG,3648,2736,white,995,892,1697,1292
x8_DSCF1053.JPG,3648,2736,green,783,1281,1591,1715
x8_DSCF1053.JPG,3648,2736,red,1628,1240,2442,1679
x8_DSCF1056.JPG,3648,2736,yellow,2268,752,3545,1287
x8_DSCF1056.JPG,3648,2736,red,936,786,2329,1347
x8_DSCF1059.JPG,3648,2736,yellow,1525,940,2779,1614
x8_DSCF1061.JPG,3648,2736,red,1920,1473,3356,2217
x8_DSCF1061.JPG,3648,2736,yellow,1402,1097,2607,1693
x8_DSCF1064.JPG,3648,2736,white,454,410,1252,992
x8_DSCF1064.JPG,3648,2736,yellow,2095,828,3007,1478
x8_DSCF1065.JPG,3648,2736,blue,1853,912,2555,1192
x8_DSCF1065.JPG,3648,2736,green,612,835,1277,1114
x8_DSCF1066.JPG,3648,2736,green,1044,1101,1740,1430
x8_DSCF1066.JPG,3648,2736,blue,1981,1107,2656,1425
x8_DSCF1068.JPG,3648,2736,blue,1666,338,3027,800
x8_DSCF1068.JPG,3648,2736,green,330,1291,1331,1764
x8_DSCF1070.JPG,3648,2736,yellow,1218,1628,2403,2304
x8_DSCF1070.JPG,3648,2736,red,1453,1144,2468,1750
x8_DSCF1072.JPG,3648,2736,white,688,1434,1519,2083
x8_DSCF1072.JPG,3648,2736,yellow,1683,1723,2558,2355
x8_DSCF1074.JPG,3648,2736,yellow,872,1511,2284,2626
x8_DSCF1077.JPG,3648,2736,red,377,1223,1488,1816
x8_DSCF1077.JPG,3648,2736,green,1699,1274,2832,1870
x8_DSCF1081.JPG,3648,2736,gray,1352,1307,2003,1711
x8_DSCF1082.JPG,3648,2736,blue,1144,520,2221,1002
x8_DSCF1082.JPG,3648,2736,gray,2372,563,3438,1052
x8_DSCF1086.JPG,3648,2736,gray,2113,1033,2665,1380
x8_DSCF1086.JPG,3648,2736,yellow,1467,1008,2014,1359
x8_DSCF1086.JPG,3648,2736,green,862,1023,1403,1382
x8_DSCF1086.JPG,3648,2736,white,248,989,796,1362
x8_DSCF1088.JPG,3648,2736,blue,1498,509,2204,982
x8_DSCF1088.JPG,3648,2736,yellow,1480,1686,2067,2101
x8_DSCF1090.JPG,3648,2736,green,1858,927,2520,1368
x8_DSCF1092.JPG,3648,2736,gray,2226,1363,3054,1928
x8_DSCF1092.JPG,3648,2736,blue,1097,1563,1944,2106
x8_DSCF1092.JPG,3648,2736,white,445,1048,1164,1575
x8_DSCF1094.JPG,3648,2736,gray,1475,883,2493,1391
x8_DSCF1097.JPG,3648,2736,blue,1231,740,2312,1466
x8_DSCF1099.JPG,3648,2736,red,1093,476,2080,959
x8_DSCF1101.JPG,3648,2736,yellow,969,897,1809,1319
x8_DSCF1103.JPG,3648,2736,red,1488,597,2162,991
x8_DSCF1103.JPG,3648,2736,blue,1557,2051,2390,2618
x8_DSCF1104.JPG,3648,2736,blue,1178,492,1755,817
x8_DSCF1104.JPG,3648,2736,green,1048,1710,1706,2129
x8_DSCF1105.JPG,3648,2736,yellow,1065,1043,2332,1825
x8_DSCF1106.JPG,3648,2736,yellow,1270,1282,2472,2029
x8_DSCF1109.JPG,3648,2736,white,980,747,2047,1297
x8_DSCF1110.JPG,3648,2736,white,845,852,2203,1605
x8_DSCF1110.JPG,3648,2736,green,2237,887,3587,1627
x8_DSCF1111.JPG,3648,2736,red,1848,703,2853,1183
x8_DSCF1111.JPG,3648,2736,yellow,680,736,1704,1222
x8_DSCF1114.JPG,3648,2736,red,1555,984,2541,1410
x8_DSCF1116.JPG,3648,2736,blue,1667,1296,2736,1763
x8_DSCF1120.JPG,3648,2736,white,1239,1255,2555,1967
x8_DSCF1122.JPG,3648,2736,blue,1757,931,2956,1469
x8_DSCF1125.JPG,3648,2736,green,1101,1096,1815,1590
x8_DSCF1125.JPG,3648,2736,red,1357,1637,2241,2212
x8_DSCF1125.JPG,3648,2736,yellow,2576,1499,3435,2048
x8_DSCF1129.JPG,3648,2736,red,1398,1826,2207,2352
x8_DSCF1130.JPG,3648,2736,green,1578,1703,2451,2174
x8_DSCF1132.JPG,3648,2736,green,497,939,968,1171
x8_DSCF1132.JPG,3648,2736,gray,521,1186,1384,1672
x8_DSCF1132.JPG,3648,2736,blue,1955,1527,3308,2215
x8_DSCF1133.JPG,3648,2736,green,1188,1363,2194,2329
x8_DSCF1135.JPG,3648,2736,red,1410,1426,2084,1844
x8_DSCF1137.JPG,3648,2736,yellow,1148,924,2133,1319
x8_DSCF1140.JPG,3648,2736,red,1465,702,2107,1038
x8_DSCF1141.JPG,3648,2736,yellow,1900,807,2719,1144
x8_DSCF1142.JPG,3648,2736,yellow,998,1096,1927,1457
x8_DSCF1142.JPG,3648,2736,green,2121,1088,3042,1448
